"ET","Block","Treatment","Brich","Frich","FBrich","Bpos","Fpos","FBpos","Bneg","Fneg","FBneg","Blinks","Flinks","FBlinks","ALLlinks","pos.Blinks","pos.Flinks","pos.FBlinks","pos.ALLlinks","neg.Blinks","neg.Flinks","neg.FBlinks","neg.ALLlinks","Bcon","Fcon","FBcon","ALLcon","pos.Bcon","pos.Fcon","pos.FBcon","pos.ALLcon","neg.Bcon","neg.Fcon","neg.FBcon","neg.ALLcon","d.Bpos","d.Bneg","d.Bcon","d.pos.Bcon","d.neg.Bcon","d.Fpos","d.Fneg","d.Fcon","d.pos.Fcon","d.neg.Fcon","d.FBpos","d.FBneg","d.FBcon","d.pos.FBcon","d.neg.FBcon","d.ALLcon","d.pos.ALLcon","d.neg.ALLcon"
"ET1","a","I",157,24,-1.46228741787012,27,9,-1.48712406744326,55,6,-1.46602999225117,706,34,68.5,808.5,13,1,3,17,88,3,29,120,4.4968152866242,1.41666666666667,0.378453038674033,4.46685082872928,0.0828025477707006,0.0416666666666667,0.0165745856353591,0.0939226519337017,0.560509554140127,0.125,0.160220994475138,0.662983425414365,163.154443370837,93.3439844774337,8.2305964880944,0.434478959179498,0.390232654554814,27.2931399616338,11.8845958198326,1.96654804124488,0.673160596438639,0.0832711340268597,-0.125770387984063,-0.794450602301377,0.63443076670556,0.0912891193237987,0.120284653934894,8.25440901400932,0.596099743318675,0.444606925909574
"ET2","a","II",426,76,0.0209288673757231,98,32,-0.262517804240825,114,17,0.634091820630922,3115,131,320.5,3566.5,153,52,24,229,239,13,42,294,7.31220657276995,1.72368421052632,0.638446215139442,7.10458167330677,0.359154929577465,0.684210526315789,0.047808764940239,0.456175298804781,0.561032863849765,0.171052631578947,0.0836653386454183,0.585657370517928,147.248726621703,127.869487931236,8.66276087789553,0.486360586741372,0.49944162767668,24.1744338110309,14.4826468184242,1.4884521452894,0.414065676622014,0.188903695056749,-0.60581031519152,1.12189121127062,0.52664248124797,0.0176255162032677,0.0708169091977065,8.48904279595753,0.468636721062083,0.558107858489671
"ET3","a","III",779,91,0.949233605059098,211,40,0.647165295545146,134,22,1.47398101577603,7818,189,733.5,8740.5,477,63,70,610,239,16,48,303,10.0359435173299,2.07692307692308,0.843103448275862,10.0465517241379,0.612323491655969,0.692307692307692,0.0804597701149425,0.701149425287356,0.306803594351733,0.175824175824176,0.0551724137931034,0.348275862068965,146.205165237151,115.752397668009,8.2590662447244,0.44496343785911,0.38783703916198,24.6401916522032,17.0590076834025,1.61521598097026,0.162074733152643,0.210861757412826,-0.573171269240886,1.50704081716418,0.62711250082678,0.0185453225689277,0.0749136280771361,8.25074245999605,0.384217740545727,0.475900131589054
"ET4","a","IV",836,73,0.708596818662838,273,35,0.8051359284654,112,17,0.600443076155873,8995,155,656.5,9806.5,812,64,122,998,176,6,37,219,10.7595693779904,2.12328767123288,0.722222222222222,10.7882288228823,0.971291866028708,0.876712328767123,0.134213421342134,1.0979097909791,0.210526315789474,0.0821917808219178,0.0407040704070407,0.240924092409241,189.790199234546,88.5663519314545,8.47769607158699,0.756367377317505,0.314589808237255,28.6812822427965,14.9673746454285,1.93335061213914,0.658585100965602,0.0966055406775496,0.243418608911836,0.203982525598836,0.634577840653471,0.107807274585268,0.0645733489256893,8.46862485761558,0.84795091997308,0.357069749126318
"ET5","a","V",985,75,1.01760034205899,304,35,0.974954587684108,133,10,0.248992442591404,11863,150,793,12806,942,67,169,1178,201,4,26,231,12.043654822335,2,0.74811320754717,12.0811320754717,0.956345177664975,0.893333333333333,0.159433962264151,1.11132075471698,0.204060913705584,0.0533333333333333,0.0245283018867925,0.217924528301887,172.652831964579,96.0098464095828,8.4417041644247,0.617085587160133,0.368325758749729,27.6767166216194,7.64422276075894,1.77986627014415,0.640527690936975,0.0700386289370783,-0.00373799598266882,-0.906864252643716,0.647281761215476,0.128252085175272,0.0619129714567221,8.41697018268493,0.747811919087956,0.391819539191993
"ET6","a","VI",863,40,0.126599186218833,295,25,0.56231902526371,126,8,-0.0701388632291149,9231,73,413.5,9717.5,900,44,149,1093,230,4,22,256,10.6964078794902,1.825,0.457918050941307,10.7613510520487,1.04287369640788,1.1,0.16500553709856,1.21040974529347,0.266512166859791,0.1,0.0243632336655592,0.283499446290144,203.067320601733,100.109803950981,8.17532592549821,0.805418685895144,0.381484629241142,35.2566149922175,11.2993807424762,2.13330800848125,1.45406661301328,0.0766034200117647,0.940653820695882,-0.144228772221305,0.605040026431005,0.204112232629253,0.0488285911519255,8.18133036632384,1.13617478620763,0.350424597529699
"ET7","b","I",220,69,-0.48726830100912,58,27,-0.66330534036277,62,13,-0.64349693603603,1152,137,174.5,1463.5,59,36,14,109,86,9,15,110,5.23636363636364,1.98550724637681,0.603806228373702,5.06401384083045,0.268181818181818,0.521739130434783,0.0484429065743945,0.377162629757785,0.390909090909091,0.130434782608696,0.0519031141868512,0.380622837370242,173.801059894274,94.6120391896624,8.41199132679402,0.567287012053707,0.246086454502107,22.6904134851505,11.6136784147676,1.85596352880732,0.372968731822934,0.140265470968101,-0.432466962008656,-0.733855932976547,0.54033795873541,0.0332881493508449,0.0201337610926555,8.30526500350806,0.571530185839788,0.265655727964541
"ET8","b","II",303,74,-0.240828398489384,90,34,-0.233675300154918,86,16,0.0623290479013229,1885,135,260.5,2280.5,148,41,29,218,147,13,29,189,6.22112211221122,1.82432432432432,0.690981432360743,6.04907161803713,0.488448844884488,0.554054054054054,0.0769230769230769,0.578249336870027,0.485148514851485,0.175675675675676,0.0769230769230769,0.50132625994695,178.98628483785,111.06042873117,8.66140470079549,0.718293545810929,0.37386086009214,27.178999432208,13.8057987030937,1.61928892984953,0.318587618955114,0.191235203405364,-0.0502390475930437,0.326286289713994,0.592544475362656,0.0513765706231444,0.0528982629878178,8.54329437545477,0.686500066694072,0.425480115450677
"ET9","b","III",813,54,0.303463869936937,250,24,0.279474731229896,124,15,0.600974842848312,8556,93,498,9147,730,18,77,825,181,9,39,229,10.5239852398524,1.72222222222222,0.57439446366782,10.5501730103806,0.897908979089791,0.333333333333333,0.0888119953863899,0.951557093425606,0.222632226322263,0.166666666666667,0.0449826989619377,0.264129181084198,174.220799551387,102.658966877784,8.44588226287619,0.702177157098411,0.317402892530338,27.2246556439783,16.0373175497893,1.81915353536863,0.444651044182758,0.159310836915223,0.00494917886049799,0.865733974510128,0.621652164333276,0.100331415870153,0.0657275563395411,8.42872175429305,0.829103080536299,0.337921933704918
"ET10","b","IV",421,53,-0.427987382765202,168,23,-0.206056349613343,73,8,-0.96183059181789,2973,102,261.5,3336.5,423,31,44,498,89,3,8,100,7.06175771971496,1.92452830188679,0.55168776371308,7.03902953586498,1.00475059382423,0.584905660377358,0.0928270042194093,1.05063291139241,0.211401425178147,0.0566037735849057,0.0168776371308017,0.210970464135021,218.864074516668,87.324404223916,8.4566099225421,1.13612856984027,0.147790009387734,26.7269384545668,9.19889349212405,2.03655795041426,0.713562578524202,0.0481021759594058,0.412983336144581,-1.32290792043833,0.60334443516709,0.108431545894337,0.00230193036793885,8.45708120311947,1.20183882755937,0.140456265002219
"ET11","b","V",834,82,0.877070051267606,265,40,0.942978443861604,117,17,0.684564937343494,9167,171,677,10015,799,88,128,1015,187,4,39,230,10.9916067146283,2.08536585365854,0.739082969432314,10.9334061135371,0.958033573141487,1.07317073170732,0.139737991266376,1.10807860262009,0.224220623501199,0.0487804878048781,0.0425764192139738,0.251091703056769,182.436338392532,93.7483184485266,8.72745256730549,0.744778011971137,0.32747604410205,29.1607369474998,13.5131911644155,1.75954377613526,0.698990638229032,0.073506158527019,0.178161906875469,0.0890382421714929,0.58744847305635,0.0954360333758273,0.0667656530745046,8.63638789275747,0.806531116592763,0.382611170990078
"ET12","b","VI",964,129,2.01208526392685,320,62,2.04360302971869,122,25,1.57412959916251,11345,336,1226,12907,1008,237,301,1546,216,17,54,287,11.7686721991701,2.6046511627907,1.12168344007319,11.8087831655993,1.04564315352697,1.83720930232558,0.275388838060384,1.41445562671546,0.224066390041494,0.131782945736434,0.0494053064958829,0.262580054894785,195.437293123434,86.9204948388399,8.35277271160641,0.723907302201099,0.379846480692863,27.5534448498396,13.919121874681,1.5692073223576,0.648086465868639,0.210359706539234,0.118684220927205,0.0650598712560606,0.636849096853068,0.136880205363828,0.0879000519988904,8.36141137953407,0.747563020708843,0.525445837107475
"ET13","c","I",179,37,-1.17371000630018,51,19,-0.992318186046065,52,11,-1.01310135856912,836,43,97,976,60,15,14,89,68,9,23,100,4.67039106145251,1.16216216216216,0.449074074074074,4.51851851851852,0.335195530726257,0.405405405405405,0.0648148148148148,0.412037037037037,0.379888268156425,0.243243243243243,0.106481481481481,0.462962962962963,180.04691263299,88.3423527896405,8.2092615130358,0.668513739185657,0.218500158887354,30.763463423983,14.7841085694805,1.51576517678659,0.81148964031094,0.216409359632838,0.286261791857736,-0.355102397743028,0.612793668397829,0.113546795291038,0.0692463476755648,8.11393829379821,0.822695585439936,0.275841838898385
"ET14","c","II",390,75,-0.0636120899013859,115,30,-0.242058116940657,93,15,0.0794193034850663,2727,154,319,3200,193,28,35,256,155,11,39,205,6.99230769230769,2.05333333333333,0.686021505376344,6.88172043010753,0.494871794871795,0.373333333333333,0.0752688172043011,0.550537634408602,0.397435897435897,0.146666666666667,0.0838709677419355,0.440860215053763,175.879231465453,110.144885238534,8.66180686088459,0.652118147771077,0.321299368018053,22.6767166216194,12.6442227607589,1.83319960347748,0.120527690936976,0.163371962270412,-0.403145712015702,0.127635926473213,0.581077416059499,0.0472676246350096,0.0677283717187273,8.59078139071072,0.593474604490247,0.398433325386801
"ET15","c","III",660,45,-0.146669744102887,172,16,-0.43847762427689,129,9,0.0810146035623823,6132,73,367,6572,363,13,17,393,253,7,37,297,9.29090909090909,1.62222222222222,0.520567375886525,9.32198581560284,0.55,0.288888888888889,0.024113475177305,0.557446808510638,0.383333333333333,0.155555555555556,0.0524822695035461,0.421276595744681,145.650445137326,121.5794054338,8.56832178360103,0.481941134883966,0.416286503251182,23.7452009392749,11.4915010308023,1.85503855379817,0.556259465415078,0.137887814937603,-0.559987341427565,0.466842175498983,0.630743830581549,0.0543572884763235,0.0589630939477775,8.57769594490289,0.592462250785754,0.423342773138503
"ET16","c","IV",729,48,0.0360837414318781,200,21,-0.103426343336381,138,9,0.232433953700099,7075,89,417.5,7581.5,444,14,51,509,255,3,22,280,9.70507544581619,1.85416666666667,0.537323037323037,9.75740025740026,0.609053497942387,0.291666666666667,0.0656370656370656,0.655083655083655,0.349794238683128,0.0625,0.0283140283140283,0.36036036036036,151.358644186804,124.301560594812,8.37117715022641,0.483416632666883,0.410625887320098,27.2383525075094,11.0067732037979,2.04168799209943,0.507019621300601,0.0482695630042173,-0.241758969415099,0.514448958108072,0.626650990098513,0.0895431922755046,0.0411688426391481,8.39150531197275,0.625313439470139,0.392879588112774
"ET17","c","V",817,83,0.865301329731439,250,45,1.04247481040197,122,16,0.668006448452189,8882,198,728,9808,723,143,182,1048,201,10,27,238,10.8714810281518,2.3855421686747,0.808888888888889,10.8977777777778,0.884944920440636,1.72289156626506,0.202222222222222,1.16444444444444,0.246022031823745,0.120481927710843,0.03,0.264444444444444,172.928521235414,100.295033843639,8.75793973301431,0.685875243367548,0.342408841725682,33.6584541369113,12.3516152220807,2.04462175577036,1.33137226548936,0.146353366307041,0.396644264726058,0.0631899388247816,0.650028411672392,0.156021529642209,0.0527154255176468,8.75478293119639,0.868625826899778,0.391572280387005
"ET18","c","VI",753,39,-0.0924118886466246,270,19,0.207368471015127,121,8,-0.154260724416735,7414,87,361.5,7862.5,747,32,115,894,231,5,22,258,9.84594953519256,2.23076923076923,0.456439393939394,9.92739898989899,0.99203187250996,0.82051282051282,0.14520202020202,1.12878787878788,0.306772908366534,0.128205128205128,0.0277777777777778,0.325757575757576,213.604974290971,105.117962389947,8.29942133063524,0.846367876744206,0.377301419166677,29.758897802806,11.4609566848109,2.55417557463154,1.19191864082352,0.103662780342836,0.645542830350702,-0.026542681501587,0.609909525632458,0.18688635283224,0.0422917961610978,8.34024451380866,1.13557802991729,0.350901449121077
"ET19","d","I",148,62,-0.751965526733981,41,33,-0.53843167924921,42,14,-0.879304030707586,649,139,145,933,66,70,23,159,42,5,14,61,4.38513513513514,2.24193548387097,0.69047619047619,4.44285714285714,0.445945945945946,1.12903225806452,0.10952380952381,0.757142857142857,0.283783783783784,0.0806451612903226,0.0666666666666667,0.29047619047619,180.062069581775,81.1628338042581,8.19865255246817,0.805132531288586,0.109870560887281,32.2063931592701,13.7447100111111,2.21808011396889,1.1016363105346,0.082455474531332,0.333982363979653,-0.815398787320602,0.676269593763364,0.108681221585741,0.0280312699083073,8.33079437521833,1.04188085299035,0.136809357095813
"ET20","d","II",341,51,-0.611606607328971,84,26,-0.557210124573093,113,14,0.315226398156622,2244,83,198,2525,100,34,23,157,294,9,51,354,6.58064516129032,1.62745098039216,0.505102040816326,6.44132653061224,0.293255131964809,0.666666666666667,0.0586734693877551,0.400510204081633,0.86217008797654,0.176470588235294,0.130102040816327,0.903061224489796,160.709640836113,134.6030649068,8.68426372734263,0.49139020961502,0.766235798308884,30.7315040757438,15.5220453767936,1.76967729968174,0.830001999408346,0.165677454861681,0.0615224476545841,1.47985475456424,0.570422705379456,0.0786848889041883,0.108218306575168,8.58082288692644,0.618132033453058,0.799883740324195
"ET21","d","III",525,62,-0.0668947925338793,139,24,-0.328585629198379,96,13,-0.0714682799602116,4251,111,388,4750,280,22,27,329,130,6,23,159,8.09714285714286,1.79032258064516,0.660988074957411,8.09199318568995,0.533333333333333,0.354838709677419,0.0459965928449744,0.560477001703578,0.247619047619048,0.0967741935483871,0.0391822827938671,0.270868824531516,156.264838301389,100.862145336167,8.57059878777727,0.577927077224958,0.22602736786905,23.2063931592701,12.7447100111111,1.76646721074309,0.327442762147499,0.0985845067893965,-0.535486662544936,-0.0700881503859554,0.649387304136016,0.0431386804297895,0.0344624812096472,8.5753841731301,0.587685470235235,0.254266455873853
"ET22","d","IV",594,64,0.096735630766757,215,29,0.269410672467871,101,11,-0.188707118930441,4992,128,497.5,5617.5,562,38,85,685,168,7,17,192,8.4040404040404,2,0.756079027355623,8.53723404255319,0.946127946127946,0.59375,0.129179331306991,1.04103343465046,0.282828282828283,0.109375,0.0258358662613982,0.291793313069909,209.973037350868,99.584300497179,8.26618534639311,0.9331436898601,0.289115081797406,27.2018275380931,10.4215581264415,1.94594795933581,0.531675637875243,0.113476848989123,0.347274060241056,-0.527819378790668,0.730738231369922,0.121973343621251,0.0274345124554324,8.39851723402152,1.00934011411684,0.303855001031384
"ET23","d","V",521,38,-0.533116941157739,198,18,-0.223382397176916,73,6,-1.16319129197574,4163,54,261,4478,530,18,55,603,81,3,10,94,7.99040307101727,1.42105263157895,0.46690518783542,8.01073345259392,1.01727447216891,0.473684210526316,0.0983899821109123,1.07871198568873,0.155470249520154,0.0789473684210526,0.0178890876565295,0.168157423971377,216.557116617362,78.2260783703108,8.49929731981295,1.06520607114224,0.132262426076294,29.2611806133945,9.62253262714571,1.75955731082231,0.862429238134432,0.0532592526847041,0.616013327366354,-1.47681876353437,0.625880211119768,0.143304125809382,0.0114764284454372,8.51818163674919,1.24986571475894,0.10716494068914
"ET24","d","VI",445,87,0.265808663223821,134,53,0.697691040475556,56,15,-0.543082469303324,3052,200,432,3684,333,188,147,668,62,5,19,86,6.85842696629213,2.29885057471264,0.81203007518797,6.92481203007519,0.748314606741573,2.16091954022989,0.276315789473684,1.25563909774436,0.139325842696629,0.0574712643678161,0.0357142857142857,0.161654135338346,177.110404620835,68.1408060190507,8.04064926015172,0.859665452267365,0.085411289069389,39.6493228945573,10.7053114527416,1.89753682028407,1.70004341026451,0.0879257744602399,0.824570986537206,-1.62808374847509,0.622164425084158,0.22414524736935,0.0251860934228941,8.14322118017012,1.19039902124973,0.160691312613124
"ET25","e","I",194,23,-1.41417542131007,44,10,-1.35766436883279,84,10,-0.575401797047275,1031,24,94.5,1149.5,35,3,9,47,189,10,59,258,5.31443298969072,1.04347826086957,0.435483870967742,5.29723502304148,0.180412371134021,0.130434782608696,0.0414746543778802,0.216589861751152,0.974226804123711,0.434782608695652,0.271889400921659,1.1889400921659,168.200868948094,118.9776039116,8.72040974816928,0.501213623037014,0.818899233706623,28.7954227722223,16.0461717621674,1.60845797082883,0.779267919678086,0.391907974848455,0.0452688737706555,0.933364123508177,0.698825819940142,0.11798100899042,0.235226104542556,8.75015730123621,0.69937604076403,0.982226549040329
"ET26","e","II",389,21,-1.09807461429552,88,7,-1.22563144447783,123,7,-0.221292330020612,2875,20,126.5,3021.5,91,4,10,105,353,3,35,391,7.39074550128535,0.952380952380952,0.308536585365854,7.36951219512195,0.233933161953728,0.19047619047619,0.024390243902439,0.25609756097561,0.90745501285347,0.142857142857143,0.0853658536585366,0.953658536585366,149.202301044446,140.23586849707,9.06910424940255,0.392013978623437,0.830914447512161,26.7999883933993,13.3693236468369,1.54755733310234,0.873987742140417,0.0976909732618325,-0.280188138164762,1.25535313788287,0.587443328827065,0.103833412082726,0.0661340223021682,9.06045683517935,0.617446549713226,0.8142624187685
"ET27","e","III",815,53,0.287975135205196,252,19,0.108764088242974,130,9,0.0978389757999063,8578,91,523,9192,616,13,39,668,259,3,32,294,10.5251533742331,1.71698113207547,0.602534562211982,10.5898617511521,0.755828220858896,0.245283018867925,0.0449308755760369,0.769585253456221,0.317791411042945,0.0566037735849057,0.0368663594470046,0.338709677419355,175.574660393401,108.477000360712,8.4293312381763,0.558427471326661,0.41337014909795,22.7269384545668,10.198893492124,1.82901078060294,0.373939937014768,0.0481021759594058,-0.304668848860935,-0.113176691400827,0.656914563642714,0.0584292160732882,0.0577355983037994,8.44984652053153,0.651648905001332,0.411440568739468
"ET28","e","IV",905,41,0.222043126003106,252,18,0.0724307511395417,152,5,0.0652537647097355,10205,59,403.5,10667.5,698,15,51,764,287,3,12,302,11.2762430939227,1.4390243902439,0.426532769556025,11.2764270613108,0.771270718232044,0.365853658536585,0.0539112050739958,0.807610993657505,0.317127071823204,0.0731707317073171,0.0126849894291755,0.319238900634249,146.498398284025,122.288507092467,8.3830587992375,0.498768229361371,0.449069042990108,27.754332181629,8.13780480014138,1.73223406334409,0.702581064252447,0.0509199195931383,-0.22138510933684,-0.00238516288660806,0.566836572501198,0.0908037703073989,0.0409842842365151,8.31762277776734,0.698801873580495,0.403222826829051
"ET29","e","V",1055,81,1.25954017804733,327,36,1.13728241388529,144,10,0.434060537204168,13438,188,922,14548,1005,126,188,1319,237,4,19,260,12.7374407582938,2.32098765432099,0.811619718309859,12.806338028169,0.95260663507109,1.55555555555556,0.165492957746479,1.16109154929577,0.224644549763033,0.0493827160493827,0.0167253521126761,0.22887323943662,173.037961435065,100.641018312059,8.51531953256149,0.554934580636352,0.417191909449766,25.6630197580883,6.67476710675028,2.01026391217877,1.19871466937469,0.0729626188974671,-0.150302986949811,-0.89020373219892,0.668621251797907,0.12199921413868,0.0607405996623096,8.51304859774312,0.714462347113563,0.438951848123101
"ET30","e","VI",667,102,0.956064949500794,210,55,1.18668733083151,102,21,0.834920754096333,6035,272,730.5,7037.5,537,235,198,970,165,12,29,206,9.047976011994,2.66666666666667,0.949934980494148,9.15149544863459,0.805097451274363,2.30392156862745,0.257477243172952,1.26137841352406,0.247376311844078,0.117647058823529,0.0377113133940182,0.267880364109233,181.388958084374,93.9425226240472,8.26337164790374,0.731197339765339,0.283157733226185,34.1150807357295,14.2816723177199,2.03887788152219,1.5829573292008,0.165288087026802,0.463794258688914,0.135726999490892,0.654976644175493,0.17427578742271,0.0479877702247895,8.37264630234712,0.956231617506287,0.37446414818786
"ET31","f","I",212,27,-1.30497422485207,57,14,-1.14111674397251,78,11,-0.575667680393495,1153,24,126,1303,69,5,23,97,140,7,20,167,5.43867924528302,0.888888888888889,0.527196652719665,5.45188284518828,0.325471698113208,0.185185185185185,0.096234309623431,0.405857740585774,0.660377358490566,0.259259259259259,0.0836820083682008,0.698744769874477,175.385616526219,111.339905257951,8.68518357203592,0.631252602148514,0.512322434695857,30.7862915298682,16.3998679928283,1.39347525732391,0.764661493064902,0.220967696908288,0.262243426576323,0.76336319686127,0.762229110761405,0.164685996287046,0.0488601926360656,8.74426472876171,0.852812604804717,0.505731393656346
"ET32","f","II",340,52,-0.594300708846036,79,20,-0.802600253519284,115,14,0.348875142631671,2334,95,195.5,2624.5,94,16,31,141,313,13,27,353,6.86470588235294,1.82692307692308,0.498724489795918,6.69515306122449,0.276470588235294,0.307692307692308,0.0790816326530612,0.35969387755102,0.920588235294118,0.25,0.0688775510204082,0.900510204081633,156.032710415106,136.694048165336,8.97718402794557,0.475440129655932,0.824249909702997,24.2292212651553,15.3604694344588,1.9540510608316,0.453688433136569,0.240352634500444,-0.464480594025026,1.51748252582036,0.556929765598789,0.0971087864677384,0.0469593970909713,8.8441827654273,0.572114940293556,0.798758147436062
"ET33","f","III",824,48,0.208714297795299,236,19,0.0211157480010604,135,9,0.181960836987527,8705,88,422.5,9215.5,623,20,48,691,235,6,23,264,10.5643203883495,1.83333333333333,0.484518348623853,10.5682339449541,0.756067961165049,0.416666666666667,0.055045871559633,0.792431192660551,0.285194174757282,0.125,0.0263761467889908,0.302752293577982,156.667034182463,112.658151033887,8.38876203642985,0.55115703769897,0.384409236123477,25.2383525075094,11.0067732037979,2.0208546587661,0.632019621300601,0.110769563004217,-0.317529712547893,0.194181021411814,0.574502941875949,0.0784441578125917,0.0477773312508301,8.3444294683131,0.697766268572221,0.369810312175642
"ET34","f","IV",751,45,0.0186921572557586,207,17,-0.210413542894272,118,8,-0.204733841129307,7667,81,380,8128,483,22,40,545,180,4,21,205,10.2090545938748,1.8,0.477386934673367,10.2110552763819,0.643142476697736,0.488888888888889,0.050251256281407,0.684673366834171,0.239680426098535,0.0888888888888889,0.0263819095477387,0.257537688442211,151.251113448957,102.299928907019,8.68024554839814,0.499147408472836,0.309400865051747,24.7452009392749,10.4915010308023,2.03281633157594,0.756259465415078,0.0712211482709365,-0.415036002330734,-0.314741819123042,0.588192381824944,0.0800086119480181,0.0410492569650383,8.64497838104585,0.65752650941236,0.292688391803585
"ET35","f","V",922,98,1.34294945711873,299,49,1.45623120080656,127,17,0.852808659718734,10691,225,912,11828,930,178,230,1338,244,7,31,282,11.5954446854664,2.29591836734694,0.894117647058824,11.5960784313725,1.00867678958785,1.81632653061224,0.225490196078431,1.31176470588235,0.264642082429501,0.0714285714285714,0.0303921568627451,0.276470588235294,188.006215441143,95.741791697354,8.55164753859588,0.721988416619919,0.403452664295318,30.1242119780836,10.9279760870591,1.7285229237267,1.16471912037527,0.114486528135618,0.285472224548699,-0.289289345025772,0.629355779040487,0.148884035379892,0.0633867019657529,8.51240860579804,0.85596232556774,0.468607783309138
"ET36","f","VI",680,52,0.0235349665598908,224,26,0.20971285254365,119,10,0.0134512312660667,6316,120,414.5,6850.5,606,77,150,833,217,4,21,242,9.28823529411765,2.30769230769231,0.566256830601093,9.35860655737705,0.891176470588235,1.48076923076923,0.204918032786885,1.1379781420765,0.319117647058824,0.0769230769230769,0.0286885245901639,0.330601092896175,191.189053557464,109.759740263079,8.38845639600329,0.806428330063659,0.360151535445983,30.2292212651553,11.3604694344588,2.43482029160083,1.62676535621349,0.0672757114235205,0.397506936262845,0.0616938703293767,0.626812188109764,0.22112765259037,0.0373573795710916,8.43722320249988,1.11814445869866,0.352461550854643
"ET37","g","I",200,22,-1.42239550103704,66,11,-1.20081456389673,53,8,-1.29831803656837,949,13,77.5,1039.5,108,7,28,143,50,7,14,71,4.745,0.590909090909091,0.349099099099099,4.68243243243243,0.54,0.318181818181818,0.126126126126126,0.644144144144144,0.25,0.318181818181818,0.0630630630630631,0.31981981981982,188.262451474136,87.4317043603834,8.09781928123667,0.855794469280431,0.0970966451237051,30.2977055828108,14.2077477045022,1.17098713624942,0.984354162548626,0.274161416460564,0.377093639755922,-0.494341885380625,0.619590996856844,0.204590017999081,0.0268839953268028,8.08066822951679,1.12871557881355,0.113498680271339
"ET38","g","II",356,52,-0.565226088826934,94,20,-0.72042993454249,93,18,0.381460353721841,2152,107,240.5,2499.5,118,19,18,155,138,14,24,176,6.04494382022472,2.05769230769231,0.589460784313726,6.12622549019608,0.331460674157303,0.365384615384615,0.0441176470588235,0.379901960784314,0.387640449438202,0.269230769230769,0.0588235294117647,0.431372549019608,165.863597151217,113.238316028759,8.01566869317231,0.517078795251107,0.29776669862253,24.2292212651553,19.3604694344588,2.18482029160083,0.511380740828877,0.259583403731213,-0.35485236462852,1.54571455587083,0.647776652196869,0.0620592698612093,0.0383447641369333,8.13076516808924,0.581393388415302,0.335437551884815
"ET39","g","III",773,69,0.517623253401108,197,31,0.243472963902582,140,13,0.668804098490847,7697,135,566.5,8398.5,429,45,63,537,269,3,13,285,9.95730918499353,1.95652173913043,0.672802850356295,9.97446555819477,0.554980595084088,0.652173913043478,0.0748218527315914,0.637767220902613,0.347994825355757,0.0434782608695652,0.0154394299287411,0.338479809976247,134.143582711109,122.298297219226,8.23358938962991,0.392627323909792,0.42660405462521,26.6904134851505,11.6136784147676,1.82697802156094,0.50340351443163,0.0533089492289706,-0.509907974232106,0.614062958088515,0.613156919492437,0.0567109298957196,0.0334189472093441,8.22178018654525,0.454379263441758,0.424564819911821
"ET40","g","IV",825,66,0.554746581760806,248,27,0.377518700009953,113,11,0.0131853479198474,8753,125,578,9456,667,45,59,771,175,5,29,209,10.609696969697,1.89393939393939,0.648709315375982,10.6127946127946,0.808484848484848,0.681818181818182,0.0662177328843996,0.865319865319865,0.212121212121212,0.0757575757575758,0.0325476992143659,0.234567901234568,168.34396460347,90.5671677753511,8.42527903823699,0.602739461248343,0.311740309410873,24.1972619169161,10.0984062417719,1.80969068251308,0.585065405098588,0.0821509604948115,-0.303704901861746,-0.721289215869295,0.610748239038738,0.0537976684286534,0.0550386033145338,8.38900849190595,0.664062200216564,0.334191373361811
"ET41","g","V",508,81,0.265551606144266,182,34,0.270302656236085,92,13,-0.138765768910308,4088,189,453,4730,450,97,111,658,140,5,18,163,8.04724409448819,2.33333333333333,0.769100169779287,8.03056027164686,0.885826771653543,1.19753086419753,0.188455008488964,1.11714770797963,0.275590551181102,0.0617283950617284,0.0305602716468591,0.276740237691002,204.757021144272,98.4088607312795,8.67131287730795,0.944606399642428,0.247130260732191,23.6630197580884,9.67476710675028,2.02260959119112,0.840689978016664,0.0853082979098128,-0.0137820347029733,-0.773025063487884,0.622320836523003,0.147885356363878,0.0253664195671709,8.67702361568199,1.04417540617344,0.28794812435275
"ET42","g","VI",751,137,1.77801388279558,267,66,1.89860125108108,117,25,1.49000773797489,7556,377,1004.5,8937.5,785,273,270,1328,216,16,33,265,10.0612516644474,2.75182481751825,1.13119369369369,10.0647522522523,1.04527296937417,1.99270072992701,0.304054054054054,1.4954954954955,0.287616511318242,0.116788321167883,0.0371621621621622,0.298423423423423,211.251113448957,101.299928907019,8.53244261897071,0.901277901149268,0.357336950271454,27.5351823651315,12.6265143360027,1.59559429403667,0.664864235090719,0.204531224963136,0.247901127991778,0.132731556493011,0.588019279362998,0.150767161838433,0.0569393830218091,8.54492571138831,0.927032706324463,0.498161550814504
"ET43","h","I",156,67,-0.641812905553787,43,27,-0.745475659339564,46,15,-0.711326191678564,706,131,148,985,85,10,44,139,79,10,15,104,4.52564102564103,1.95522388059702,0.663677130044843,4.41704035874439,0.544871794871795,0.149253731343284,0.197309417040359,0.623318385650224,0.506410256410256,0.149253731343284,0.0672645739910314,0.466367713004484,179.47751294983,84.4349677359697,8.26828180665155,0.897382670051018,0.335729320901478,23.6949791063276,13.9368302994372,1.85587683378964,0.0351617473262715,0.156792883954576,-0.300673347089824,-0.657804141337949,0.613983445595943,0.186476006646023,0.0296265820731458,8.23524618417207,0.873172219825139,0.324554378076763
"ET44","h","II",313,29,-1.08319456151323,81,11,-1.11864424491993,97,9,-0.457365308038388,2024,33,116,2173,53,7,18,78,267,3,15,285,6.46645367412141,1.13793103448276,0.339181286549708,6.35380116959064,0.169329073482428,0.241379310344828,0.0526315789473684,0.228070175438596,0.853035143769968,0.103448275862069,0.043859649122807,0.833333333333333,166.755589047919,121.15059614581,8.81814046730253,0.390829136704597,0.745787848245278,26.7817259086912,14.0767161081587,1.61232073215566,0.786177203629708,0.0674482492592113,-0.115468272979203,0.702837606847488,0.560694903587686,0.116564128315845,0.0182350584781368,8.73509520457296,0.594263980369174,0.680618132755897
"ET45","h","III",636,86,0.593763877467728,162,31,0.0517422196233965,126,21,1.23870568779691,5659,172,577.5,6408.5,329,46,40,415,230,11,33,274,8.89779874213836,2,0.799861495844875,8.87603878116344,0.517295597484277,0.534883720930233,0.0554016620498615,0.574792243767313,0.361635220125786,0.127906976744186,0.0457063711911357,0.379501385041551,143.404115033159,120.763003638665,8.38784134379785,0.469263862858493,0.384891527880462,18.1516057051458,16.8668873950764,1.61378458095249,0.0913467982622741,0.157215718962553,-1.08181372299524,1.52651887687713,0.618424515454564,0.00419970487632257,0.0523053388614617,8.36909552094271,0.384963516951944,0.446190716486792
"ET46","h","IV",848,50,0.29057235229221,247,20,0.117707319020808,126,10,0.131221836928735,9047,76,463,9586,632,23,57,712,210,6,21,237,10.6686320754717,1.52,0.515590200445434,10.6748329621381,0.745283018867924,0.46,0.0634743875278396,0.792873051224944,0.247641509433962,0.12,0.0233853006681514,0.263919821826281,159.913364286629,101.474552829022,8.28044381458448,0.520344964911596,0.35655343296333,25.2337868863323,11.6836213191284,1.67732465467065,0.640674540039098,0.10806109875233,-0.283699801988112,-0.0266613013047577,0.591523728307456,0.0827651544823126,0.0470566523171672,8.23529888852111,0.670045936822572,0.343281417169015
"ET47","h","V",899,50,0.383247703603099,270,18,0.171035133911694,123,10,0.0807487202161629,9924,112,470,10506,811,36,51,898,209,2,16,227,11.0389321468298,2.24,0.495258166491043,11.0706006322445,0.902113459399333,0.72,0.053740779768177,0.946259220231823,0.232480533926585,0.04,0.0168598524762908,0.239199157007376,166.436815757983,93.8344066436832,8.19890532938655,0.634617753151222,0.361998289552695,23.2337868863323,11.6836213191284,2.39732465467065,0.900674540039098,0.0280610987523304,-0.351439974482039,-0.245348659643868,0.571544206608935,0.0727589166209711,0.0451192554618613,8.1705045997655,0.788593893911393,0.337102629540716
"ET48","h","VI",799,79,0.756100133273434,269,48,1.25555722574954,104,13,0.0631266979399809,7834,159,671,8664,768,187,214,1169,180,7,21,208,9.80475594493116,2.0126582278481,0.764236902050114,9.86788154897494,0.961201501877347,2.36708860759494,0.24373576309795,1.33143507972665,0.225281602002503,0.0886075949367089,0.0239179954441913,0.236902050113895,197.74377365729,83.9327324972884,7.85068708151937,0.777152172671946,0.31439576528206,38.6675853792654,9.99791899141983,1.73213115646801,2.04492613600891,0.10989596203668,1.0389297923361,-0.977100402245166,0.633685915764278,0.205589738466862,0.0447919403148702,7.88542709701486,1.07144777697592,0.350329719149017
"ET49","h","I",228,46,-0.912561422384524,67,23,-0.759336497390422,65,11,-0.794384519481307,1106,68,143,1317,89,23,32,144,79,9,17,105,4.85087719298246,1.47826086956522,0.521897810218978,4.80656934306569,0.390350877192982,0.5,0.116788321167883,0.525547445255474,0.346491228070175,0.195652173913043,0.062043795620438,0.383211678832117,180.21650326233,96.884173121374,7.95562824709032,0.682780360901455,0.204900879050915,30.2429181286864,13.3299250884675,1.6959788657601,0.750031369228771,0.179130201169148,0.236887634064546,-0.318597850283952,0.62197980199139,0.147351860408746,0.0297166684929581,7.96401290397046,0.849779166719009,0.230006243174378
"ET50","h","I",173,13,-1.64356648242643,46,6,-1.49204167471628,46,2,-2.02017074270459,759,12,47.5,818.5,26,1,1,28,43,3,5,51,4.38728323699422,0.923076923076923,0.255376344086022,4.4005376344086,0.15028901734104,0.0769230769230769,0.00537634408602151,0.150537634408602,0.248554913294798,0.230769230769231,0.0268817204301075,0.274193548387097,176.985330106948,82.8882523408568,7.97931116581939,0.488614008423003,0.0847425884849335,29.8182508781074,9.66193118551515,1.63903998684679,0.899148286966649,0.176436918181468,0.234747391455303,-1.58790845611509,0.589657908505485,0.101891072052436,-0.0122261945845072,8.03807585969212,0.706507647738998,0.0419551772590973
