"","ET1","ET7","ET13","ET19","ET25","ET31","ET37","ET43","ET49","ET50","ET2","ET8","ET14","ET20","ET26","ET32","ET38","ET44","ET3","ET9","ET15","ET21","ET27","ET33","ET39","ET45","ET4","ET10","ET16","ET22","ET28","ET34","ET40","ET46","ET5","ET11","ET17","ET23","ET29","ET35","ET41","ET47","ET6","ET12","ET18","ET24","ET30","ET36","ET42","ET48"
"OTU_1",2259,455,2233,478,4504,3975,8817,4286,444,950,8137,17312,6683,10721,10,7463,320,5,666,48,164,236,14,4,91,199,280,14,21,32,100,9,9,10,63,486,66,6,126,6,6,0,51,5078,66,60,421,3,1297,11
"OTU_6",1,4,1,745,0,2,0,32,25881,0,15,18,29,2,18,17,340,1,8,0,0,0,1,0,316,15,1,0,0,0,0,0,2,11,0,1,23,0,0,0,2,1,0,18,83,0,210,26,2145,0
"OTU_3",10,941,15,13,4,8,5,405,30,5,438,303,445,107,6,104,136,5,519,2291,1221,4022,2112,1133,421,308,10735,283,42,18,21,72,731,36,267,474,3611,74,865,90,61,18,32,1047,8,73,491,118,7577,24
"OTU_9",3,90,12,1007,0,0,0,297,11,1,151,123,115,22,4,378,708,3,1585,1044,1702,53,12,7,660,6396,165,32,35,358,2712,35,48,37,24,144,247,35,36,54,134,8,172,836,287,15,211,69,2560,9
"OTU_5",7,116,7,659,2,0,0,282,14,0,3755,70,71,47,2,291,485,5,7694,86,248,250,2495,393,216,4547,53,128,77,62,245,12,32,25,57,18,22,48,433,1758,379,4,169,1527,166,164,396,208,3628,13
"OTU_4",11,13202,48,13,2,27,6,2095,156,7,958,1026,2332,242,8,288,285,5,1018,6,13,11,2,15651,95,242,10556,1120,69,80,17,3205,1740,1743,171,2197,441,234,1179,5132,4346,17,13,7004,6,28,113,31,1828,14
"OTU_2",1171,299,2200,916,2373,4152,2752,3006,154,118,3162,1788,1181,1204,363,15400,259,4687,306,82,260,137,13,10,68,774,99,18,13,23,1,2,15,2,15,340,17,17,10,596,70,10,144,773,238,59,59,521,508,12
"OTU_17",2,834,3,5,0,1,2,310,33,0,125,179,242,39,3,28,32,0,257,3,0,16,21,2707,204,70,2864,3,19,1,0,2,0,1,1443,244,37,2,90,44,8,0,2,528,0,4,4,0,40,1
"OTU_29",0,0,0,0,0,0,0,298,8,0,0,0,0,0,0,9,35,7,0,0,0,0,8,0,1767,11,0,0,0,0,0,15,0,0,0,0,0,0,225,326,455,0,0,0,0,0,1,7,7,0
"OTU_24",0,61,2,0,0,0,2027,1070,102,0,2235,316,335,868,0,52,36,2,97,1,2,0,0,0,11,55,59,1,0,1,0,0,0,1,0,58,0,0,0,0,0,1,0,320,0,2,7,0,371,1
"OTU_27",0,0,0,0,0,0,0,5,0,0,0,6,0,0,0,1,0,0,1,0,0,0,0,0,0,0,0,0,0,0,0,0,0,0,0,0,0,0,0,0,0,0,0,0,0,0,0,0,3966,0
"OTU_32",0,0,0,0,0,2779,0,21,0,0,0,0,0,0,0,19,1,0,0,0,0,0,0,1,0,0,0,0,0,0,0,0,0,0,0,0,0,0,0,1,1,0,0,0,0,0,0,0,2,3
"OTU_31",0,9,52,1,60,2579,0,48,47,0,261,201,578,43,0,17,117,0,66,0,0,1,0,1,3,3,1,0,0,2,0,4,0,0,1,1,1,0,0,4,0,0,3,109,0,2,1,0,6,0
"OTU_33",0,68,0,35,1,0,0,30,8,0,8,11,18,1,0,14,60,0,813,1,63,692,712,0,91,531,62,3,10,23,138,27,23,93,28,131,111,16,30,768,88,6,0,55,10,4,8,3,56,0
"OTU_15",0,709,0,2,1,2,0,232,29,1,106,121,219,39,0,34,67,0,1390,1,50,397,166,2003,205,76,246,5,21,1,5,7,17,1,636,173,89,123,41,24,7,0,2,511,1,0,8,2,1538,0
"OTU_22",4,489,2,3,0,0,0,102,8,2,79,87,81,20,3,23,52,0,44,786,0,476,989,356,21,47,1467,7,128,671,239,219,1373,785,41,55,2,49,0,0,3,2,10,525,1,43,11,1,29,2
"OTU_21",1,7,1,153,0,2,1,9,0,0,10,10,10,2,0,34,4,0,137,3,65,0,20,15,8,72,7,4,22,8,4652,0,13,2,5,2,64,0,34,75,2,1,57,5,37,3,126,8,256,0
"OTU_66",0,0,0,1,0,0,0,0,0,0,0,0,0,0,0,0,0,0,0,0,1,0,0,0,0,0,0,0,0,0,0,0,0,0,0,0,2,0,2,0,0,0,0,38,0,0,7,1,486,1
"OTU_68",0,18,1,0,0,0,0,26,0,0,3,6,9,0,0,8,0,0,0,0,0,0,0,1,0,0,47,0,0,0,0,12,402,0,0,0,0,0,0,0,18,0,0,33,0,0,0,0,0,0
"OTU_46",1,1,0,0,0,0,0,39,0,0,8,16,2,0,0,35,41,0,890,1,3,333,38,1,45,170,1,150,24,1,0,0,0,13,10,4,0,0,186,4,1,1,0,36,0,7,4,5,9,1
"OTU_55",0,49,2,0,0,1,0,2,2,0,8,14,21,1,0,1,0,0,6,166,0,81,136,57,4,4,253,3,29,147,29,46,180,125,7,18,0,7,0,2,2,0,3,90,0,12,1,0,6,0
"OTU_60",0,44,0,0,0,0,0,0,0,0,4,11,1,1,0,0,0,0,0,0,0,0,0,2,0,0,30,0,4,1,0,27,145,0,0,26,1,0,0,13,21,211,0,20,0,0,22,18,126,7
"OTU_16",7,14,229,56,6470,44,1,75,2,0,63,54,111,13,5,91,23,0,130,15,9,1,3,1,0,2,7,9,12,4,0,1,6,4,13,4,5,3,0,7,2,2,0,80,2,14,19,0,39,2
"OTU_65",0,0,0,0,0,0,0,0,0,0,0,1,0,0,0,0,0,0,0,0,0,0,0,0,0,0,0,0,0,0,2,0,0,0,0,0,0,0,0,14,0,0,7,104,0,3,25,2,370,12
"OTU_83",0,0,0,0,0,0,0,0,0,0,0,0,0,0,1,10,16,0,0,0,0,0,0,0,0,266,0,0,0,0,0,0,0,0,0,0,0,0,0,0,0,1,0,0,0,0,0,0,1,0
"OTU_85",0,0,0,0,0,0,0,0,0,0,0,0,0,0,0,2,0,0,0,0,0,0,0,2,8,3,1,0,0,0,114,0,0,0,2,0,3,0,1,2,1,0,0,16,0,0,2,0,131,4
"OTU_69",0,0,0,0,0,0,0,33,4,0,0,0,1,0,0,0,0,0,0,0,2,1,10,3,106,10,0,2,0,0,1,0,0,0,2,0,0,0,1,3,18,19,0,0,0,0,209,3,46,0
"OTU_72",0,0,0,0,0,0,0,0,0,0,0,0,0,0,0,0,0,0,0,0,0,0,0,0,0,0,0,0,0,0,0,0,0,0,0,0,0,0,0,302,20,0,0,0,0,0,22,0,78,5
"OTU_57",0,0,1,41,0,0,2,0,2,0,3,12,3,2,0,15,5,1,5,0,0,0,4,0,10,208,3,0,2,6,99,0,1,15,29,5,17,6,20,96,13,3,0,145,7,5,23,4,167,124
"OTU_58",0,1,4,4,0,0,0,21,1,0,12,22,9,7,0,10,0,0,5,50,0,0,0,2,1,54,2,222,9,1,0,0,1,36,2,0,1,0,109,238,17,0,5,420,2,23,7,8,95,25
"OTU_56",0,0,0,24,2,1,79,24,206,1,9,3,6,6,1,0,0,0,8,0,60,0,0,0,0,22,2,0,0,0,0,0,12,2,27,21,9,2,0,124,130,3,1,16,3,1,37,0,12,1
"OTU_59",0,0,0,0,0,0,0,14,0,0,0,0,0,0,0,1,55,0,0,0,0,0,63,0,0,626,0,0,0,0,0,0,0,0,0,0,0,0,0,0,0,0,0,0,0,0,1,2,8,0
"OTU_50",0,4,0,0,0,1,0,22,1,0,5,0,4,1,0,0,0,0,4,0,0,0,0,20,0,0,744,0,518,0,0,0,0,8,0,0,1,0,1,14,0,0,0,9,1,0,2,0,0,0
"OTU_147",0,0,0,0,2,1,0,19,42,0,0,1,3,5,0,0,1,3,0,0,0,0,0,0,0,2,0,0,0,0,0,0,0,0,0,0,0,0,0,1,0,0,0,0,0,0,0,0,0,0
"OTU_150",0,0,0,0,0,0,0,3,0,0,0,0,0,0,0,4,0,0,0,0,0,0,0,0,0,52,0,0,0,0,0,0,0,0,0,0,0,0,0,0,0,0,0,0,0,0,1,0,4,0
"OTU_62",0,3,0,1,385,1,2,9,3,0,4,2,3,0,0,9,7,0,13,3,4,1,0,5,5,0,0,0,0,109,0,0,0,2,0,18,4,0,5,17,1,3,0,8,0,1,6,0,0,0
"OTU_80",0,1,0,0,0,0,0,10,0,0,1,1,0,0,0,0,0,0,39,12,0,162,4,0,0,1,1,0,0,1,0,0,0,2,3,0,2,0,0,0,53,0,0,2,0,0,2,3,0,1
"OTU_96",0,0,0,5,0,0,0,0,0,0,0,0,0,0,0,4,2,0,153,1,0,0,0,0,0,0,3,0,0,1,0,0,1,0,0,0,2,0,0,11,14,0,1,6,3,0,7,1,30,1
"OTU_142",0,0,0,0,0,0,0,0,0,0,0,0,0,0,0,0,0,0,0,0,0,0,64,0,2,1,0,0,0,4,0,0,0,0,0,0,0,0,0,2,0,0,0,0,0,0,0,0,0,1
"OTU_148",0,0,0,0,0,0,0,4,0,0,0,1,0,0,0,0,0,0,3,0,0,0,0,1,1,1,0,0,0,0,0,0,1,1,1,2,0,0,1,0,2,3,0,54,0,6,9,0,15,16
"OTU_103",0,0,0,0,0,0,0,0,0,0,0,0,0,0,0,0,0,0,0,0,0,0,0,0,0,0,0,0,0,0,0,0,0,0,0,1,0,0,1,5,0,0,0,96,0,13,3,0,21,23
"OTU_157",0,0,0,0,0,0,0,6,0,0,0,0,0,0,0,1,3,0,0,0,0,0,9,2,14,4,0,0,0,0,0,3,0,1,0,0,0,0,3,3,3,0,0,0,0,0,0,0,2,1
"OTU_144",0,0,0,0,0,0,0,0,0,0,0,0,0,0,0,3,0,0,0,0,0,15,0,0,0,52,0,0,0,0,0,0,0,1,0,0,0,0,0,0,0,0,0,0,0,0,0,0,0,0
"OTU_161",0,0,0,0,0,0,0,0,52,0,0,0,0,0,0,0,0,0,0,0,0,0,0,0,0,0,0,0,0,0,0,0,0,0,0,0,0,0,0,0,0,0,0,0,0,0,0,0,0,0
"OTU_160",0,0,0,0,0,0,0,0,0,0,0,0,0,0,0,0,0,0,0,0,0,0,3,2,0,0,2,0,0,1,1,0,1,0,0,0,2,0,0,0,0,0,0,0,0,2,1,0,45,0
"OTU_116",0,0,0,0,0,0,0,0,1,0,0,18,0,1,0,0,0,0,0,0,0,0,0,0,0,0,0,0,0,0,0,0,4,0,0,0,2,0,0,7,1,0,0,32,0,14,8,1,18,8
"OTU_61",1,2,0,1,0,0,0,1,0,0,373,0,1,0,0,0,0,0,23,0,18,10,0,1,5,4,15,2,1,6,0,0,1,1,6,7,6,3,5,5,1,2,0,173,2,20,4,0,28,1
"OTU_145",0,1,0,6,0,0,0,0,0,0,0,0,0,0,9,0,0,0,0,0,0,0,0,0,10,0,0,0,0,0,0,0,0,0,2,0,0,0,7,0,13,0,0,0,0,0,0,0,21,0
"OTU_120",0,0,0,1,0,0,0,0,0,0,1,0,0,0,0,0,0,0,2,1,0,3,0,0,2,13,1,1,0,0,0,0,1,0,0,0,2,0,1,3,1,2,0,37,0,2,3,0,28,2
"OTU_149",0,0,0,0,0,0,0,0,0,0,0,0,0,0,0,0,0,0,0,0,0,0,0,0,0,0,2,0,0,1,0,0,0,0,0,0,0,0,0,1,0,0,0,5,0,0,0,0,57,0
"OTU_132",0,0,0,0,0,0,0,0,0,0,0,0,7,0,1,82,0,0,0,0,0,0,0,0,0,0,0,0,0,0,0,0,0,0,0,0,0,0,0,0,1,0,0,0,0,0,0,0,1,0
"OTU_133",0,0,0,0,0,10,24,23,6,0,0,0,0,0,1,3,7,0,0,0,0,0,0,0,0,5,0,0,0,0,0,0,0,0,0,0,0,0,0,0,0,0,0,0,0,0,0,0,5,0
"OTU_95",0,1,0,2,0,0,0,0,0,0,1,0,0,0,0,0,0,0,0,1,0,0,0,2,0,0,4,0,0,0,0,2,5,0,2,10,9,0,6,20,7,2,0,52,0,6,7,2,31,3
"OTU_122",0,0,1,0,0,0,0,0,1,0,2,4,28,1,0,0,0,0,10,0,29,0,0,2,22,22,2,0,0,6,0,0,0,0,1,0,1,0,1,6,3,0,0,18,0,0,23,0,6,0
"OTU_101",0,0,0,2,0,0,0,0,0,0,0,0,0,0,0,0,0,0,0,0,0,0,0,0,0,0,0,0,0,0,1,1,8,0,3,0,0,0,4,6,7,11,0,74,1,0,4,1,48,1
"OTU_129",0,0,0,0,0,0,0,0,2,0,0,0,0,0,0,0,0,0,0,0,0,0,0,0,0,0,0,0,0,0,0,0,0,0,0,2,0,0,1,1,2,0,1,0,0,0,54,0,5,27
"OTU_126",0,3,0,0,0,0,26,46,2,0,18,0,24,2,0,7,0,1,1,0,0,0,0,0,0,0,1,0,0,0,0,0,0,0,0,0,0,0,0,0,0,0,0,16,0,0,0,0,12,0
"OTU_109",0,6,0,3,0,0,0,1,0,0,0,0,0,0,0,0,1,0,5,0,0,17,17,2,6,18,1,3,0,6,7,1,1,1,1,6,6,0,1,12,0,0,0,1,2,0,0,1,22,0
"OTU_136",0,0,0,0,0,73,0,0,0,0,0,0,0,0,0,2,0,0,0,0,0,0,0,0,0,0,0,0,0,0,0,0,0,0,0,0,0,0,0,0,0,0,0,0,0,0,1,0,1,0
"OTU_138",0,0,0,0,0,0,0,0,0,0,0,0,0,0,0,0,0,0,0,0,0,0,0,0,0,40,0,0,0,0,0,0,0,0,0,0,0,0,0,1,2,0,0,0,0,0,34,0,0,0
"OTU_98",0,0,0,0,0,0,0,22,0,0,1,1,75,0,0,0,26,0,0,2,0,1,1,0,0,6,0,0,0,0,0,0,0,0,1,1,0,0,0,8,0,0,0,13,0,0,0,0,13,2
"OTU_137",0,0,0,0,0,0,0,0,0,0,0,0,0,0,0,0,0,0,0,0,0,0,0,0,4,0,0,0,1,0,0,0,1,1,5,2,0,0,2,0,0,2,0,2,0,3,0,0,66,1
"OTU_134",0,4,0,0,0,0,0,2,0,0,1,4,6,0,0,0,1,0,2,0,0,0,0,0,6,0,1,1,0,4,0,4,0,0,0,0,19,0,7,2,0,0,2,7,0,1,8,2,48,0
"OTU_135",0,0,0,0,0,0,0,2,0,0,0,0,0,0,0,0,1,0,0,0,0,0,0,0,63,0,0,0,0,0,0,1,6,0,0,0,0,0,4,0,1,1,0,0,0,0,0,0,0,0
"OTU_253",0,0,0,0,0,0,0,0,0,0,0,0,0,0,0,0,0,1,0,0,0,0,0,0,0,0,0,0,0,0,0,0,0,0,0,0,0,0,0,6,1,0,0,0,0,0,0,4,0,0
"OTU_250",0,0,0,0,0,0,0,0,0,0,0,0,0,0,0,0,0,0,0,0,0,0,0,0,0,1,0,0,1,0,0,0,0,0,0,0,0,0,4,0,0,0,0,0,0,0,1,0,3,2
"OTU_255",0,0,0,0,0,0,0,0,0,0,0,0,0,0,0,0,0,0,0,0,0,0,0,0,0,0,0,0,0,0,0,0,0,0,0,0,0,0,0,2,0,0,0,0,0,0,0,0,10,0
"OTU_247",0,0,0,0,0,0,0,0,0,0,0,0,0,0,0,0,0,0,0,0,0,0,0,0,0,0,0,0,0,0,0,0,0,0,0,0,0,0,0,2,1,0,0,0,0,0,0,0,8,1
"OTU_256",0,0,0,0,0,0,0,0,0,0,0,0,0,0,0,0,0,0,0,0,0,0,0,0,0,0,0,0,0,0,0,0,0,0,0,0,0,0,0,0,0,0,0,0,0,0,0,0,10,1
"OTU_260",0,0,0,0,0,0,0,0,0,0,0,0,0,0,0,0,0,0,0,0,0,0,0,0,0,0,0,0,0,0,0,0,0,0,0,0,0,0,0,0,0,0,0,0,0,0,9,0,0,2
"OTU_216",0,0,0,0,0,0,0,0,0,0,0,0,0,0,0,0,0,0,0,0,0,0,0,0,0,0,0,0,0,0,0,0,0,0,0,0,0,0,0,1,0,0,0,10,0,1,1,0,8,1
"OTU_186",0,0,0,0,0,0,0,0,0,0,0,0,0,0,0,0,0,0,0,0,0,0,0,0,0,0,0,0,0,0,0,0,0,0,0,0,0,0,0,0,0,0,0,21,0,0,0,0,12,0
"OTU_141",0,1,0,0,0,0,0,0,0,0,0,69,2,0,0,0,0,12,0,0,0,0,0,0,0,0,0,0,0,0,0,0,0,0,0,0,0,0,0,0,0,0,0,3,0,0,0,0,1,0
"OTU_233",0,0,0,0,0,0,0,0,0,0,1,0,0,0,0,0,0,0,0,0,0,0,0,0,0,1,0,0,0,0,0,0,2,0,0,0,0,0,1,0,0,1,0,1,0,1,0,0,7,0
"OTU_246",0,0,1,1,0,0,0,0,0,0,0,0,0,0,0,0,0,0,2,0,0,2,0,0,0,0,0,0,0,0,0,0,0,0,0,0,0,0,0,0,4,0,0,0,0,0,0,0,8,0
"OTU_191",0,0,0,0,0,0,0,0,0,0,1,1,0,0,0,0,0,0,1,0,0,1,0,0,1,0,0,0,1,0,0,0,0,0,1,1,0,0,0,3,0,0,0,9,0,2,0,0,5,3
"OTU_249",0,0,0,0,0,0,0,0,0,0,0,0,0,0,0,0,0,0,0,0,0,0,0,0,0,0,0,4,0,0,0,0,2,0,0,0,1,0,0,4,1,0,0,0,0,7,0,0,0,2
"OTU_280",0,0,0,0,0,0,0,0,0,0,1,0,0,0,0,0,0,0,0,0,0,1,1,0,1,0,0,0,0,0,0,0,5,0,2,1,0,0,0,1,0,0,0,0,0,0,0,0,1,0
"OTU_273",0,0,0,0,0,0,0,0,0,0,0,0,0,0,0,0,0,0,0,0,0,0,0,0,0,5,0,0,0,0,0,0,0,0,0,0,0,0,0,0,0,1,0,0,0,0,0,0,3,0
"OTU_258",0,0,0,0,0,0,0,0,0,0,0,0,0,0,0,0,0,0,0,0,0,0,0,0,0,5,0,0,0,0,0,0,0,0,1,1,0,0,0,0,0,0,0,0,0,1,0,0,3,0
"OTU_262",0,0,0,0,0,0,0,0,0,0,2,0,0,0,0,0,0,0,0,0,0,0,1,0,0,1,0,0,0,0,0,0,1,0,3,1,0,0,0,0,0,1,0,4,0,0,1,0,2,2
"OTU_291",0,0,0,0,0,0,0,6,0,0,0,0,0,0,0,0,0,2,0,0,0,0,0,0,0,0,0,0,0,0,0,0,0,0,0,0,0,0,0,0,0,0,0,0,0,0,0,0,0,0
"OTU_281",0,0,0,0,0,0,0,0,0,0,0,0,0,0,0,0,0,0,0,0,0,0,0,0,0,0,0,2,0,0,1,0,1,0,0,0,0,0,0,0,0,0,0,7,0,0,0,0,6,0
"OTU_274",0,0,0,0,0,0,0,4,0,0,0,0,0,0,0,0,0,0,0,0,0,0,0,0,0,0,0,0,0,0,1,0,0,0,0,0,0,0,0,0,0,0,0,0,0,0,0,0,4,0
"OTU_268",0,0,0,0,0,0,0,0,0,0,0,0,0,0,0,0,0,0,0,0,0,0,0,0,0,0,0,0,0,0,0,0,0,0,0,0,0,0,0,0,0,0,0,0,0,0,0,0,10,0
"OTU_92",0,0,0,0,0,0,0,0,0,0,0,0,0,0,0,0,0,0,0,0,0,0,0,0,0,0,0,0,0,0,0,0,0,0,0,0,0,0,2,3,0,0,0,177,0,7,2,0,3,0
"OTU_272",0,3,0,0,0,0,0,0,0,0,0,0,0,0,0,0,0,0,0,0,0,0,0,0,0,0,0,0,0,0,0,3,0,0,0,0,0,0,1,0,0,0,0,0,0,0,0,0,5,0
"OTU_275",0,0,0,0,0,0,0,0,0,0,0,0,0,0,0,0,0,0,0,0,0,0,1,0,0,0,0,0,0,0,0,0,0,0,0,0,0,0,0,0,0,0,0,6,0,0,0,0,8,0
"OTU_270",0,0,0,0,0,0,0,0,0,0,0,0,0,0,0,0,0,0,2,0,0,0,0,0,0,0,0,0,0,0,0,0,0,0,0,0,0,0,0,0,0,0,0,5,0,0,3,0,5,1
"OTU_165",0,0,0,0,0,0,0,0,0,0,0,0,0,0,0,0,0,1,7,1,0,1,0,0,3,6,1,4,4,3,0,0,0,0,0,0,0,0,1,0,0,1,0,10,0,0,0,0,4,0
"OTU_212",0,0,0,0,0,0,0,0,0,0,1,2,0,0,0,0,0,0,3,0,0,2,5,0,0,1,0,0,0,0,0,1,1,3,1,1,0,0,1,0,1,0,0,4,0,9,1,1,1,0
"OTU_230",0,0,0,0,0,0,0,0,0,0,0,0,0,0,0,0,0,0,0,0,0,0,0,0,0,0,0,0,0,0,0,0,1,0,0,0,0,0,0,0,0,0,0,0,0,0,0,0,14,0
"OTU_218",0,0,0,0,0,0,0,7,0,0,0,0,0,0,0,0,0,0,1,0,0,1,0,0,0,1,0,0,0,0,0,0,0,0,0,0,0,0,2,0,0,1,0,4,0,0,1,0,3,0
"OTU_237",0,0,0,0,0,0,0,0,0,0,0,0,0,0,0,0,5,0,0,0,0,0,0,0,0,9,0,0,0,0,0,0,0,0,0,0,0,0,0,0,0,0,0,0,0,0,0,0,1,0
"OTU_219",0,0,0,0,0,0,0,0,0,0,0,0,0,0,0,0,0,0,0,0,0,0,0,0,0,0,0,0,0,0,0,0,0,0,0,0,0,0,2,2,0,0,0,0,0,0,0,0,13,3
"OTU_221",0,0,0,0,0,0,0,5,0,0,0,0,1,0,0,0,0,0,0,0,0,0,0,0,0,0,0,0,0,0,0,0,0,11,0,0,0,0,0,0,2,0,0,1,0,0,0,0,0,0
"OTU_190",0,0,0,0,0,0,0,0,0,0,2,1,0,1,0,0,0,0,0,0,0,0,0,0,0,0,0,0,0,0,0,0,0,0,0,0,0,0,0,0,0,0,0,4,0,3,0,0,18,2
"OTU_224",0,0,0,0,0,0,0,0,0,0,0,0,0,0,0,0,0,14,0,0,0,0,0,0,1,0,0,0,0,0,0,0,2,0,0,0,0,0,0,1,0,0,0,0,0,0,0,0,0,0
"OTU_234",0,0,0,1,0,0,0,0,0,0,0,0,0,0,0,0,0,0,0,0,0,0,0,0,2,1,0,0,0,0,0,0,1,0,2,2,0,0,0,0,0,2,0,0,0,0,0,0,7,0
"OTU_243",0,0,0,0,0,0,0,0,0,0,0,0,0,0,0,0,0,0,0,0,0,0,0,0,0,0,0,0,0,0,0,0,0,0,0,0,0,0,0,0,0,0,0,0,0,0,2,0,11,0
"OTU_206",0,0,0,0,0,0,0,0,0,0,0,0,0,0,0,0,0,0,0,0,0,0,0,0,0,4,0,1,0,1,0,0,0,0,0,1,1,0,0,1,0,0,0,20,0,0,1,0,7,1
"OTU_242",0,0,0,0,0,0,0,13,0,0,0,0,0,0,0,0,0,0,0,0,0,0,0,0,0,0,0,0,0,0,0,0,0,0,0,0,0,0,0,0,0,0,0,0,0,0,0,0,0,0
"OTU_228",0,3,0,0,0,0,0,0,0,0,0,0,0,0,0,0,0,0,0,0,0,0,0,0,0,0,0,0,0,0,0,0,9,0,0,0,0,0,0,0,0,0,0,0,0,2,1,0,1,4
"OTU_236",0,0,0,0,0,0,0,0,0,0,0,0,0,0,0,4,0,0,0,0,0,0,0,0,3,1,0,0,0,0,0,0,4,0,0,0,0,0,0,0,0,2,0,0,0,0,0,0,1,0
"OTU_231",0,0,0,4,0,0,0,0,0,0,0,0,0,0,0,0,0,0,0,0,0,0,0,0,0,3,0,0,0,0,6,1,0,0,0,0,0,0,0,3,1,0,0,0,0,0,0,0,1,0
"OTU_70",0,0,0,1,0,1,0,5,0,0,0,0,33,0,0,8,0,0,0,0,407,0,0,0,0,0,0,0,0,0,0,0,0,0,3,0,0,0,0,0,0,0,0,0,0,0,0,0,0,0
"OTU_395",0,0,0,0,0,0,0,0,0,0,0,0,0,0,0,0,0,0,0,0,0,0,0,0,2,0,0,0,0,0,0,0,0,0,0,0,0,0,0,0,0,0,0,0,0,0,0,0,0,0
"OTU_292",0,0,0,0,0,0,0,0,0,0,0,0,0,0,0,0,0,0,0,0,0,1,0,0,0,0,0,0,0,0,0,0,0,0,0,0,0,0,1,1,0,0,0,4,0,1,0,0,0,0
"OTU_404",0,0,0,0,0,0,0,0,0,0,0,0,0,0,0,0,0,0,0,0,0,0,0,0,0,2,0,0,0,0,0,0,0,0,0,0,0,0,0,0,0,0,0,0,0,0,0,0,0,0
"OTU_398",0,0,0,0,0,0,0,0,0,0,0,0,0,0,0,0,0,0,0,0,0,0,0,0,0,0,0,0,0,0,0,0,0,0,0,0,0,0,0,0,0,0,0,0,0,0,0,0,1,1
"OTU_225",0,0,0,0,0,0,0,0,0,0,0,0,0,0,0,0,0,0,14,0,2,0,0,0,0,0,0,0,0,0,0,0,0,0,0,0,0,0,0,0,2,0,0,0,0,0,0,0,0,0
"OTU_351",0,0,0,0,0,0,0,0,0,0,0,1,0,0,0,0,0,0,0,0,0,0,0,0,0,0,0,0,0,0,0,0,0,0,0,0,0,0,0,0,1,0,0,1,0,0,0,0,1,0
"OTU_422",0,0,0,0,0,0,0,0,0,0,0,0,0,0,0,0,0,0,0,0,0,0,0,0,0,0,0,0,0,0,0,0,0,0,0,0,0,0,0,1,0,0,0,0,0,0,0,0,1,0
"OTU_413",0,0,0,0,0,0,0,0,0,0,0,0,0,0,0,0,0,0,0,0,0,0,0,0,0,1,0,0,0,0,0,0,1,0,0,0,0,0,0,0,0,0,0,0,0,0,0,0,0,0
"OTU_424",0,0,0,0,0,0,0,0,0,0,0,0,0,0,0,0,0,0,0,0,0,0,0,0,0,0,0,0,0,0,0,0,0,0,0,0,0,0,0,0,0,2,0,0,0,0,0,0,0,0
"OTU_406",0,0,0,0,0,0,0,2,0,0,0,0,0,0,0,0,0,0,0,0,0,0,0,0,0,0,0,0,0,0,0,0,0,0,0,0,0,0,0,0,0,0,0,0,0,0,0,0,0,0
"OTU_426",0,0,0,0,0,0,0,0,0,0,0,0,0,0,0,0,0,0,0,0,0,0,0,0,0,0,0,0,0,0,0,0,1,0,0,0,0,0,0,0,0,0,0,0,0,0,1,0,0,0
"OTU_429",0,0,0,0,0,0,0,0,0,0,0,0,0,0,0,0,0,0,0,0,0,0,0,0,0,0,0,0,0,0,0,0,0,0,0,0,0,0,0,0,0,0,0,0,0,0,0,0,2,0
"OTU_391",0,0,0,0,0,0,0,0,0,0,0,0,0,0,0,0,0,0,0,0,0,1,0,0,1,0,0,0,0,0,1,0,0,0,0,0,0,0,0,0,0,0,0,0,0,2,0,0,0,0
"OTU_172",0,0,2,0,0,0,0,0,0,0,37,0,0,0,0,0,0,0,1,0,1,1,0,0,0,4,0,0,0,0,0,0,0,0,0,0,0,0,0,0,2,0,0,1,0,0,1,0,2,0
"OTU_423",0,0,0,0,0,0,0,0,0,0,0,0,0,0,0,0,0,0,0,0,0,0,0,0,0,0,0,0,0,0,0,0,0,0,0,0,0,0,0,0,0,0,0,0,0,0,0,0,2,0
"OTU_358",0,0,0,0,0,0,0,0,0,0,0,0,0,0,0,0,0,0,0,0,0,0,0,0,0,0,0,0,0,0,0,0,0,0,0,0,0,0,0,0,0,0,0,3,0,1,0,1,1,0
"OTU_235",0,0,0,0,0,0,0,0,0,0,0,0,0,0,0,0,0,0,0,0,0,0,0,0,0,0,0,0,0,0,0,0,0,0,0,0,0,0,0,0,0,0,0,13,0,2,0,0,1,0
"OTU_414",0,0,0,0,0,0,0,0,0,0,0,0,0,0,0,0,0,0,0,0,0,0,1,0,0,1,0,0,0,0,0,0,0,0,0,0,0,0,0,0,0,0,0,1,0,0,0,0,0,0
"OTU_383",0,0,0,0,0,0,0,0,0,0,0,0,0,0,0,0,0,0,0,0,0,0,0,0,0,0,0,0,0,0,0,0,0,0,0,0,0,0,1,0,0,0,0,2,0,0,0,0,0,0
"OTU_311",0,0,0,0,0,0,0,0,0,0,0,0,0,0,0,0,0,0,0,0,0,0,0,0,0,0,0,0,0,0,0,0,1,0,0,0,0,0,0,0,0,1,0,4,0,0,0,0,2,0
"OTU_415",0,0,0,0,0,0,0,0,0,0,0,0,0,0,0,0,0,0,0,0,0,0,0,0,0,1,0,0,0,0,0,0,0,0,0,0,0,0,0,0,0,0,0,0,0,0,0,0,1,0
"OTU_349",0,0,0,0,0,0,0,0,0,0,0,0,0,0,0,0,0,0,0,0,0,0,0,0,0,0,0,0,0,0,0,0,0,0,0,0,0,0,0,0,0,0,0,2,0,0,0,0,0,2
"OTU_357",0,0,0,0,0,0,0,0,0,0,0,0,0,0,0,0,0,0,0,0,0,0,0,0,0,0,0,0,0,0,0,0,0,0,0,0,0,0,0,0,0,0,0,1,0,3,0,0,1,0
"OTU_282",1,0,0,0,0,0,0,0,0,0,0,7,0,0,0,0,0,0,0,0,0,0,0,0,0,0,0,0,0,0,0,0,0,0,0,0,0,0,0,0,0,0,0,1,0,0,0,0,0,1
"OTU_362",0,0,0,0,0,0,0,0,0,0,0,0,0,0,0,0,0,0,0,0,0,0,0,0,0,0,0,0,0,0,0,0,0,0,0,0,0,0,0,1,0,0,0,3,0,1,1,0,0,1
"OTU_376",0,0,0,0,0,0,0,1,1,0,0,0,0,0,0,0,1,0,0,0,0,0,0,0,0,0,0,0,0,0,0,0,0,0,0,0,0,0,0,0,0,0,0,0,0,0,0,0,0,0
"OTU_387",0,0,0,0,0,0,0,0,0,0,0,0,0,0,0,0,0,0,0,0,0,0,0,0,2,0,0,0,0,0,0,0,0,0,0,0,0,0,0,0,0,0,0,0,0,0,0,0,0,1
"OTU_377",0,0,0,0,0,0,0,0,0,0,0,0,0,0,0,0,0,0,0,0,0,0,0,0,0,0,0,0,0,0,0,0,1,0,0,0,0,0,0,0,0,0,0,0,0,0,0,0,2,0
"OTU_263",0,0,0,0,0,0,0,0,0,0,0,0,0,0,0,0,0,0,0,0,0,0,0,0,0,0,0,0,0,0,0,0,0,0,0,0,3,4,2,0,0,0,0,3,0,0,0,0,1,0
"OTU_372",0,0,0,0,0,0,0,0,0,0,0,0,0,0,0,0,0,3,0,0,0,0,0,0,0,0,0,0,0,0,0,0,0,0,0,0,0,0,0,0,0,0,0,0,0,0,0,0,0,0
"OTU_388",0,0,0,0,0,0,0,0,0,0,0,0,0,0,0,0,0,0,0,0,0,0,0,0,0,2,0,0,0,0,0,0,0,0,0,0,0,0,0,0,0,0,0,0,0,0,0,0,0,1
"OTU_285",0,0,0,0,0,0,0,0,0,0,0,0,0,0,0,0,0,0,0,0,0,0,0,0,0,0,0,0,0,0,0,0,0,0,0,0,2,0,2,1,0,0,0,0,0,3,0,0,0,0
"OTU_390",0,0,0,0,0,0,0,0,0,0,0,0,0,0,0,0,0,0,0,0,0,0,0,0,0,0,0,0,0,0,0,0,0,0,0,0,0,0,0,3,0,0,0,0,0,0,0,0,0,0
"OTU_266",0,0,0,0,0,0,0,0,0,0,0,0,0,0,0,0,0,0,0,0,0,0,0,0,0,4,0,0,0,0,0,0,0,0,0,0,0,0,0,0,0,0,0,6,0,0,0,0,0,0
"OTU_385",0,0,0,0,0,0,0,0,0,0,0,0,0,0,0,0,0,0,0,0,0,0,0,0,0,0,0,0,0,0,0,0,3,0,0,0,0,0,0,0,0,0,0,0,0,0,0,0,0,0
"OTU_344",0,0,0,0,0,0,0,0,0,0,0,0,0,0,0,0,0,0,0,0,0,0,0,0,0,0,0,0,0,0,0,0,2,0,0,1,0,0,0,0,0,0,0,3,0,0,0,0,1,0
"OTU_381",0,0,0,0,0,0,0,0,0,0,0,0,0,0,0,0,0,0,0,0,0,0,0,0,0,0,0,0,0,0,0,0,0,0,0,0,0,0,0,0,0,0,0,0,0,0,0,0,3,0
"OTU_418",0,0,0,0,0,0,0,0,0,0,0,0,0,0,0,0,0,0,0,0,0,0,0,0,0,0,0,0,0,0,0,0,0,0,0,0,0,0,2,0,0,0,0,0,0,0,0,0,0,0
"OTU_409",0,0,0,0,0,0,0,1,0,0,0,0,0,0,0,0,0,0,0,0,0,0,0,0,0,0,0,0,0,0,0,0,0,0,0,0,0,0,0,0,1,0,0,0,0,0,0,0,0,0
"OTU_371",0,1,0,0,0,0,0,0,0,0,0,0,0,0,0,0,0,0,0,0,0,0,0,0,0,0,0,0,0,0,0,0,0,0,0,0,0,0,0,1,0,0,0,2,0,0,0,0,2,0
"OTU_314",0,0,0,0,0,0,0,0,0,0,0,0,0,0,0,0,0,0,0,0,1,0,0,0,0,0,0,0,0,0,0,0,0,0,0,5,0,0,0,0,1,0,0,0,0,0,1,0,0,0
"OTU_428",0,0,0,0,0,0,0,0,0,0,0,0,0,0,0,0,0,0,0,0,0,0,0,0,0,0,0,0,0,0,0,0,0,0,0,0,0,0,0,0,0,0,0,0,0,0,0,0,2,0
"OTU_411",0,0,0,0,0,0,0,0,0,0,0,0,0,0,0,0,0,2,0,0,0,0,0,0,0,0,0,0,0,0,0,0,0,0,0,0,0,0,0,0,0,0,0,0,0,0,0,0,0,0
"OTU_416",0,0,0,0,0,0,0,0,0,0,0,0,0,0,0,0,0,0,0,0,0,0,0,0,0,0,0,0,0,0,0,0,0,0,0,0,0,0,0,0,0,0,0,0,0,0,0,0,2,0
"OTU_366",0,0,0,0,0,0,0,0,0,0,0,0,0,0,0,0,0,0,0,0,0,0,0,0,0,0,0,0,0,0,0,0,0,0,0,0,0,0,0,0,0,0,0,0,0,0,0,0,0,3
"OTU_374",0,0,0,0,0,0,0,0,2,0,0,0,0,0,0,0,0,0,0,0,0,0,0,0,1,0,0,0,0,0,0,0,0,0,0,0,0,0,0,0,0,0,0,0,0,0,0,0,0,0
"OTU_257",0,0,0,0,0,0,0,0,0,0,0,0,0,0,0,0,0,0,0,0,0,0,0,0,0,0,1,0,0,0,0,0,0,0,0,0,0,0,0,1,0,0,0,7,0,0,0,0,2,0
"OTU_373",0,0,0,0,0,0,0,0,0,0,0,0,0,0,0,0,0,0,0,0,0,0,0,0,0,0,0,0,0,0,0,0,0,0,0,0,0,0,0,0,0,0,0,2,0,0,1,0,2,0
"OTU_355",0,0,0,0,0,0,0,0,0,0,0,0,0,0,0,0,0,0,0,0,0,0,0,0,0,0,0,0,0,0,0,0,3,0,0,0,0,0,0,0,0,0,0,4,0,0,0,0,0,0
"OTU_300",0,0,0,0,0,0,0,0,0,0,0,0,0,0,0,0,0,0,0,0,0,1,0,0,0,0,0,0,0,0,0,1,0,0,0,0,0,0,0,0,0,0,0,4,0,1,0,0,0,0
"OTU_393",0,0,0,0,0,0,0,0,0,0,0,0,2,0,0,0,0,0,0,0,0,0,0,0,0,0,0,0,0,0,0,0,0,0,0,0,0,0,0,0,0,0,0,0,0,0,1,0,0,1
"OTU_392",0,0,0,0,0,0,0,0,0,0,0,0,0,0,0,0,0,0,0,0,0,0,0,0,0,0,0,0,3,0,0,0,0,0,0,0,0,0,0,0,0,0,0,0,0,0,0,0,1,0
"OTU_403",0,0,0,0,0,0,0,0,0,0,0,0,0,0,0,0,0,0,0,0,0,0,0,0,0,0,0,0,0,0,0,0,0,0,0,1,0,0,0,0,0,0,0,2,0,0,0,0,1,0
"OTU_329",0,0,0,0,0,0,0,0,0,0,0,0,0,0,0,0,0,0,2,0,0,0,0,0,0,0,0,0,0,0,0,0,0,0,0,0,0,0,0,0,0,0,0,3,0,0,0,0,1,0
"OTU_331",0,0,0,0,0,0,0,0,0,0,0,0,0,0,0,0,0,0,1,0,0,1,0,0,0,0,0,0,0,0,0,0,0,0,1,0,0,0,0,1,0,0,0,2,0,0,0,0,1,0
"OTU_365",0,0,0,0,0,0,0,0,0,0,0,0,0,0,0,0,0,0,0,0,0,0,0,0,0,0,0,1,0,0,0,0,0,0,0,0,0,0,0,1,0,0,0,0,0,3,0,0,0,0
"OTU_293",0,0,0,0,0,0,0,0,0,0,0,0,0,0,0,0,0,0,0,0,0,0,0,0,0,0,0,0,0,0,0,0,0,0,0,0,0,2,0,0,0,0,0,5,0,0,0,1,0,0
"OTU_238",0,0,0,0,0,0,0,0,0,0,0,0,0,0,0,0,0,0,0,0,0,0,0,0,0,0,0,0,0,0,0,0,0,0,0,0,11,0,3,0,0,0,1,1,0,0,0,0,0,0
"OTU_367",0,0,0,0,0,0,0,0,0,0,0,0,0,0,0,0,0,0,1,0,0,0,0,0,0,0,0,0,0,0,0,0,0,0,0,0,0,0,0,0,0,0,0,1,0,0,0,0,1,0
"OTU_307",0,0,0,0,0,0,0,0,0,0,0,0,0,0,0,0,0,0,5,0,1,0,0,0,0,2,0,0,0,0,0,0,0,0,0,0,0,0,0,0,0,0,0,0,0,0,0,0,0,0
"OTU_338",0,0,0,0,0,0,0,0,0,0,0,4,0,1,0,0,0,0,0,0,0,0,0,0,0,0,0,0,0,0,0,0,0,0,0,0,0,0,1,0,0,0,0,0,0,0,0,0,0,0
"OTU_325",0,0,0,1,0,0,0,0,0,0,0,0,0,0,0,0,0,0,0,0,0,0,0,0,0,0,0,0,0,0,0,0,0,0,1,0,1,0,0,0,0,0,0,1,0,0,0,0,2,0
"OTU_425",0,0,0,0,0,0,0,0,0,0,0,0,1,0,0,0,0,1,0,0,0,0,0,0,0,0,0,0,0,0,0,0,0,0,0,0,0,0,0,0,0,0,0,0,0,0,0,0,0,0
"OTU_201",0,0,0,0,0,0,0,0,0,0,0,0,4,0,0,0,0,0,0,0,0,0,0,0,0,0,0,7,0,0,0,0,0,0,0,4,0,1,0,0,0,0,0,2,0,8,0,0,1,0
"OTU_378",0,0,0,0,0,0,0,0,0,0,0,0,0,0,0,0,0,0,0,0,0,0,0,0,0,0,1,0,0,0,0,0,0,1,0,0,0,0,0,0,0,0,0,2,0,0,0,0,0,0
"OTU_382",0,0,0,0,0,0,0,0,0,0,0,0,0,0,0,0,0,0,0,0,0,0,0,0,0,0,0,0,0,0,0,0,0,0,0,0,0,0,1,0,0,0,0,3,0,0,0,0,0,0
"OTU_408",0,0,0,0,0,0,0,0,0,0,0,0,0,0,0,0,0,0,0,0,0,0,0,0,0,0,0,0,0,0,0,0,0,0,0,0,0,0,0,0,0,0,0,3,0,0,0,0,1,0
"OTU_299",0,0,0,0,0,0,0,0,0,0,0,0,0,0,0,0,0,0,0,0,0,0,0,0,0,0,0,0,0,0,1,0,5,0,0,0,0,0,0,0,0,0,0,1,0,0,1,0,0,0
"OTU_315",0,0,0,0,0,0,0,0,0,0,0,0,0,0,0,0,0,0,0,0,0,0,0,0,0,0,0,0,0,0,0,0,0,0,0,0,0,0,0,0,0,0,0,0,0,0,0,0,6,0
"OTU_276",0,0,0,0,0,0,0,0,0,0,0,0,0,0,0,0,0,0,0,0,0,0,0,5,0,0,0,5,0,0,0,0,0,0,0,0,1,0,0,2,0,0,0,0,0,0,0,0,0,0
"OTU_151",0,0,0,0,0,0,0,0,0,0,0,63,0,0,0,0,0,0,0,0,0,0,0,0,0,6,0,0,0,0,0,0,0,0,0,0,0,0,0,0,0,0,0,0,0,0,0,0,1,0
"OTU_298",0,0,0,0,0,0,0,0,0,0,0,0,0,0,0,0,0,0,0,0,0,0,0,0,0,0,0,0,0,0,0,0,0,1,0,0,0,0,0,0,0,0,0,0,0,0,0,7,0,0
"OTU_185",0,2,0,0,0,0,0,0,0,0,0,0,0,0,0,0,0,0,0,0,0,0,0,0,0,0,0,1,4,0,0,0,0,0,0,0,28,0,0,0,0,0,0,0,0,0,0,0,6,0
"OTU_196",0,0,0,0,0,0,0,0,0,1,0,1,0,0,0,0,0,0,0,0,0,0,0,0,0,0,1,0,0,0,0,0,0,0,0,0,0,0,0,1,0,0,0,18,0,7,1,0,2,1
"OTU_305",0,0,0,0,0,0,0,0,0,0,0,0,0,0,0,0,0,4,0,0,0,0,0,0,0,1,0,0,0,0,0,0,0,0,0,0,0,0,0,0,0,0,0,0,0,0,0,0,1,0
"OTU_287",0,0,0,0,0,0,0,0,0,0,0,0,0,0,0,0,0,1,0,0,0,0,0,0,0,3,0,0,0,0,0,0,1,0,0,0,0,0,0,0,0,0,0,0,0,0,0,0,2,1
"OTU_297",0,0,0,0,0,0,0,0,0,0,0,0,0,0,0,0,0,0,0,0,0,0,0,0,3,0,0,0,0,0,0,0,0,0,0,0,0,0,1,0,0,3,0,0,0,0,0,0,1,0
"OTU_265",0,0,0,0,0,0,0,0,0,0,0,0,0,0,0,0,0,0,0,0,0,3,0,0,0,4,0,0,0,1,0,0,0,0,0,0,0,1,0,2,0,0,0,5,0,0,0,0,2,0
"OTU_290",0,0,0,0,0,0,0,0,0,0,0,0,0,0,0,0,0,0,0,0,0,0,0,0,0,0,0,0,0,0,0,0,1,0,0,0,0,0,0,3,0,0,0,0,0,0,0,0,3,1
"OTU_321",0,0,0,0,0,0,0,0,0,0,0,0,0,0,0,5,0,0,0,0,0,0,0,0,0,0,0,0,0,0,0,0,0,0,0,0,0,0,0,0,0,0,0,3,0,0,0,0,0,0
"OTU_317",0,0,0,0,0,0,0,0,0,0,0,0,0,0,0,0,0,0,0,0,0,0,0,0,1,1,0,0,0,0,0,0,0,0,0,0,0,0,0,0,0,1,0,0,0,0,1,0,1,0
"OTU_223",0,0,0,0,0,0,0,0,0,0,0,0,0,0,0,0,0,0,1,0,0,0,0,0,1,0,0,0,0,0,0,0,0,0,0,2,1,0,0,0,0,0,0,9,0,0,0,0,4,0
"OTU_340",0,0,0,0,0,0,0,0,0,0,0,0,0,0,0,0,0,0,0,0,0,0,0,0,0,0,0,0,0,0,0,0,0,0,0,0,0,0,0,0,0,0,0,0,0,0,0,0,3,1
"OTU_322",0,0,0,0,0,0,0,0,0,0,0,0,0,0,0,0,0,0,0,0,0,0,0,0,0,0,0,0,0,0,0,0,0,0,0,0,0,0,0,0,0,0,0,0,0,0,5,0,0,0
"OTU_333",0,0,0,0,0,0,0,1,0,0,0,1,0,0,0,2,0,2,0,0,0,0,0,0,0,0,0,0,0,0,0,0,0,0,0,0,0,0,0,0,0,0,0,0,0,0,0,0,0,0
"OTU_271",0,0,0,0,0,0,0,0,0,0,0,0,0,0,0,0,0,0,1,0,0,0,1,0,0,0,0,0,0,0,0,0,0,0,0,0,2,0,0,1,0,0,0,1,0,0,1,0,2,0
"OTU_306",0,0,0,0,0,0,0,0,0,0,0,0,0,0,0,0,0,0,0,0,0,0,0,0,0,0,0,0,0,0,0,0,0,0,0,0,0,0,0,0,0,0,0,6,0,0,0,0,5,0
"OTU_312",0,0,0,3,0,1,0,0,0,0,0,0,0,0,0,0,0,0,0,0,0,1,0,0,0,0,0,0,0,0,0,0,0,0,0,0,0,0,0,0,1,0,0,0,2,0,1,0,1,0
"OTU_353",0,0,0,0,0,0,0,4,0,0,0,0,0,0,0,0,0,0,0,0,0,0,0,0,0,0,0,0,0,0,0,0,0,0,0,0,0,0,0,0,0,0,0,0,0,0,0,0,0,0
"OTU_252",0,0,0,0,0,0,0,0,0,0,0,0,5,0,0,0,0,0,0,0,0,0,0,0,0,0,0,1,0,0,0,1,0,0,0,0,0,0,0,1,0,0,0,2,0,0,0,0,2,0
"OTU_352",0,0,0,0,0,0,0,0,0,0,0,0,0,0,0,0,0,0,0,0,0,0,0,0,0,0,0,0,0,0,0,0,0,0,0,0,0,0,0,0,0,0,0,0,0,0,0,0,4,0
"OTU_316",0,0,0,0,0,0,0,0,0,0,0,0,0,0,0,0,0,0,0,0,0,0,0,0,0,0,0,0,1,2,0,0,0,0,1,0,0,0,0,0,0,0,1,0,0,1,0,0,3,1
"OTU_84",0,0,0,0,0,0,0,0,0,0,0,0,0,0,0,0,0,0,0,0,0,0,0,0,0,0,0,0,0,0,0,0,0,0,2,11,1,0,3,0,0,0,0,263,0,11,2,0,1,0
"OTU_279",0,1,0,0,0,0,0,0,0,0,0,0,0,0,0,0,0,0,2,0,0,0,0,0,1,4,0,0,0,0,0,0,0,0,0,0,0,0,1,0,0,0,0,5,0,1,0,0,0,0
"OTU_313",0,0,0,0,0,0,0,0,0,0,0,0,0,0,0,0,0,0,0,0,0,0,0,0,0,0,0,0,0,0,0,0,0,0,0,0,0,0,0,0,0,0,0,0,0,0,1,0,5,0
"OTU_320",0,0,0,0,0,0,0,0,0,0,0,0,0,0,0,0,0,0,0,0,0,0,0,0,0,0,0,0,0,0,0,0,0,0,0,0,0,0,0,0,0,0,0,0,0,0,0,0,5,0
"OTU_267",0,0,0,1,0,0,0,0,0,0,0,0,0,0,0,0,0,0,0,0,0,0,0,0,0,0,0,0,0,0,0,0,0,0,0,0,0,0,0,3,0,0,0,3,0,0,2,0,1,0
"OTU_278",0,0,0,0,0,0,0,0,0,0,0,2,0,0,0,0,0,0,0,0,0,0,0,0,0,0,0,0,0,0,0,0,0,0,1,0,0,0,0,1,0,1,0,0,0,0,0,0,4,0
"OTU_309",0,0,0,0,0,0,0,0,0,0,0,0,0,0,0,0,0,0,0,0,0,0,0,0,6,0,0,0,0,0,0,0,0,0,0,0,0,0,0,0,0,0,0,0,0,0,0,0,0,0
"OTU_319",0,0,0,0,0,0,0,0,0,0,0,0,0,0,0,0,0,0,0,0,0,0,0,0,0,0,0,0,0,0,0,0,0,0,0,0,0,0,5,0,0,0,0,0,0,0,0,0,0,0
"OTU_209",0,0,0,0,0,0,0,0,0,0,0,0,0,0,0,0,0,0,0,0,0,0,0,1,0,0,3,0,6,0,0,0,0,0,7,0,0,0,2,2,0,0,0,2,0,0,0,0,0,0
"OTU_326",0,0,0,0,0,0,0,0,0,0,0,0,0,0,0,0,0,0,0,0,0,0,0,0,0,0,0,0,0,0,0,0,0,0,0,0,0,0,0,0,0,0,0,0,0,0,0,0,5,0
"OTU_318",0,0,0,0,0,0,0,0,0,0,0,0,0,0,0,0,0,0,0,0,0,0,0,0,0,0,0,0,0,0,0,0,0,0,0,0,0,0,0,1,0,0,0,0,0,0,0,0,4,0
"OTU_200",0,0,0,0,0,0,0,0,0,0,0,0,0,0,0,0,0,0,1,3,1,14,0,0,0,1,1,0,0,2,1,0,0,0,1,0,2,0,0,2,0,0,0,0,0,1,0,0,1,0
"OTU_334",0,0,0,0,0,0,0,0,0,0,0,0,0,0,0,0,0,0,0,0,0,0,0,0,0,0,0,0,0,0,0,0,0,0,0,0,0,0,0,0,0,0,0,0,0,0,0,0,5,0
"OTU_158",0,0,0,0,0,0,0,0,0,0,0,0,0,0,0,0,0,0,0,0,0,0,0,0,0,0,0,0,0,0,0,0,0,0,0,0,0,0,0,5,1,0,0,3,0,10,14,0,6,14
"OTU_176",0,0,0,0,0,0,0,0,0,0,0,0,0,0,0,0,0,0,0,0,0,0,0,0,0,11,0,0,0,0,25,0,0,1,0,0,0,0,0,1,2,0,0,1,0,0,1,0,0,0
"OTU_152",0,0,0,0,0,0,0,0,0,0,0,0,0,0,0,0,0,0,2,2,0,2,0,0,2,0,0,0,0,1,1,0,5,1,2,1,0,2,3,0,1,0,0,40,0,10,0,0,22,2
"OTU_178",0,0,0,1,0,0,0,0,0,0,0,0,0,0,0,0,0,0,0,1,0,1,0,0,1,6,0,0,0,0,0,0,0,0,7,1,1,0,0,1,0,0,0,10,0,3,3,0,30,0
"OTU_173",0,0,0,0,0,0,0,0,0,0,0,0,0,0,0,0,0,0,2,0,0,0,0,0,0,0,0,7,0,0,1,0,0,1,0,2,0,2,5,0,1,4,0,18,0,3,0,0,30,0
"OTU_118",0,0,0,12,0,0,0,0,0,0,0,0,0,0,0,0,0,0,0,0,0,0,0,0,0,2,0,0,0,0,0,0,0,0,0,0,0,0,0,0,0,0,0,99,2,0,15,0,20,0
"OTU_182",0,0,0,0,0,0,0,0,0,0,0,0,0,0,0,0,0,37,0,0,0,0,0,0,0,0,0,0,0,0,0,0,0,0,0,0,0,0,0,0,0,0,0,0,0,0,0,0,0,0
"OTU_167",0,0,0,0,0,0,0,0,3,0,0,0,0,0,0,0,0,0,3,0,0,4,1,0,7,5,1,2,0,0,0,0,3,0,0,1,1,0,1,1,0,0,0,11,0,2,5,0,15,4
"OTU_130",0,0,0,31,0,0,0,0,0,0,0,0,0,0,0,0,0,0,13,1,7,0,0,1,0,4,2,0,0,0,4,0,0,0,1,10,6,0,0,0,18,0,4,3,9,3,8,2,11,0
"OTU_171",0,0,0,0,0,0,0,0,0,0,0,0,0,0,0,0,0,0,0,0,0,0,0,0,0,0,0,0,0,0,0,0,0,0,0,0,0,0,0,4,0,0,0,0,0,0,3,0,35,1
"OTU_170",0,0,0,0,0,0,0,0,0,0,0,0,0,0,0,0,0,0,0,0,0,0,0,0,0,0,0,0,0,0,0,0,0,7,0,0,0,0,0,0,31,0,0,0,0,0,0,0,6,0
"OTU_153",0,3,0,0,0,0,0,0,0,0,0,0,1,0,0,0,0,0,0,1,0,0,0,0,13,1,0,1,0,0,0,5,1,0,1,7,0,0,2,0,6,6,1,1,0,0,0,0,10,0
"OTU_211",0,0,0,0,0,0,0,0,0,0,0,0,0,0,0,0,0,0,0,0,0,0,23,0,0,0,0,0,0,0,0,0,0,0,0,0,0,0,0,0,0,0,0,0,0,0,0,0,0,0
"OTU_208",0,0,0,0,0,0,0,0,0,0,0,0,0,0,0,0,0,21,0,0,0,0,0,0,1,1,0,0,0,0,0,0,0,0,0,0,0,0,0,0,0,0,0,0,0,0,0,0,0,0
"OTU_203",0,0,0,0,0,0,0,25,0,0,0,0,0,0,0,0,0,0,0,0,0,0,0,0,0,0,0,0,0,0,0,0,0,0,0,0,0,0,0,0,0,0,0,0,0,0,0,0,0,0
"OTU_205",0,0,0,0,0,0,0,0,0,0,0,0,0,0,0,0,0,0,1,1,0,4,2,0,0,11,0,0,0,0,0,0,0,0,1,1,0,0,1,1,0,0,0,3,0,0,0,0,10,0
"OTU_183",0,0,0,0,0,0,0,0,0,0,0,0,0,0,0,0,0,0,1,0,0,0,1,0,1,5,0,0,1,0,0,0,0,0,1,0,1,0,1,1,0,1,0,8,0,3,1,0,9,1
"OTU_177",0,1,0,1,0,0,0,0,0,0,0,2,0,0,0,0,0,0,0,3,1,0,8,1,0,0,0,0,0,0,0,0,1,0,0,0,0,0,0,1,0,0,0,12,0,1,1,0,7,1
"OTU_189",0,0,0,0,0,0,0,0,0,0,0,0,0,0,0,0,0,0,0,0,0,0,0,0,0,0,0,0,0,0,0,0,0,0,0,0,0,0,0,4,1,0,0,9,0,1,0,0,17,0
"OTU_220",0,0,0,0,0,0,0,0,0,0,0,0,0,0,0,0,0,0,0,0,0,0,0,0,0,2,0,0,0,0,0,0,4,0,3,0,0,0,0,2,0,0,0,4,0,2,3,0,8,1
"OTU_168",0,1,0,0,0,0,0,0,0,0,1,1,4,0,0,0,0,0,0,0,0,0,0,0,0,0,0,0,0,0,0,0,0,0,1,0,22,0,5,1,0,0,0,0,0,14,0,0,16,0
"OTU_163",0,0,1,0,0,0,2,3,7,1,2,13,5,1,0,0,2,1,2,0,0,0,0,0,1,0,0,0,0,1,0,0,0,0,0,0,0,0,0,0,2,1,0,3,0,0,0,0,2,0
"OTU_169",0,0,0,2,0,0,0,0,0,0,0,0,0,0,0,0,0,0,0,0,1,4,0,0,3,0,0,0,0,0,0,0,22,0,0,0,1,0,0,0,0,0,0,7,0,0,0,0,4,0
"OTU_194",0,0,0,0,0,0,0,0,0,0,0,0,0,0,0,0,0,0,0,0,0,0,0,0,0,0,0,0,0,0,0,0,0,0,0,0,0,0,1,11,0,1,0,0,0,0,1,0,15,0
"OTU_123",70,0,0,0,0,0,0,0,0,0,3,0,0,0,0,0,0,0,0,0,0,0,0,0,4,0,0,0,0,0,0,0,0,0,0,0,0,0,0,0,0,0,0,0,0,0,0,0,25,0
"OTU_97",0,0,0,8,0,0,0,0,0,0,0,0,0,0,0,0,0,0,0,0,0,0,0,0,1,0,0,0,0,10,0,0,0,0,5,13,0,0,0,4,0,0,0,137,0,0,3,0,10,11
"OTU_197",0,0,0,0,0,0,0,0,0,0,0,0,0,0,0,0,0,0,0,0,0,0,0,0,0,0,0,0,0,0,0,0,0,0,0,0,0,0,0,3,0,0,0,1,0,0,4,0,17,2
"OTU_198",0,0,0,0,0,0,0,0,0,0,0,0,0,0,0,0,0,0,3,0,2,13,0,0,0,1,0,0,0,0,0,0,1,0,0,0,0,0,0,0,11,0,0,6,0,0,1,0,9,4
"OTU_174",0,0,0,0,0,0,0,0,0,0,0,0,0,0,0,0,0,0,0,2,0,0,0,0,0,4,0,0,0,1,0,1,6,0,1,1,0,0,0,3,2,5,0,11,0,0,3,1,1,0
"OTU_154",0,0,0,0,0,0,0,0,0,0,0,0,0,0,0,0,0,0,1,0,0,3,0,0,2,1,0,1,0,0,1,0,0,0,1,0,1,0,2,4,1,0,0,23,0,1,3,0,13,1
"OTU_100",0,0,0,0,0,0,0,0,135,0,0,0,1,0,0,0,0,4,0,0,0,0,0,0,0,0,0,0,0,1,0,0,0,0,1,0,0,3,12,8,1,0,1,0,0,0,0,0,4,9
"OTU_93",0,0,0,0,0,0,0,0,179,0,0,0,0,0,0,0,0,0,0,0,0,0,0,0,0,0,0,0,0,0,0,0,0,0,0,0,0,0,0,0,0,0,0,0,0,0,0,0,0,0
"OTU_102",0,0,0,0,0,0,0,3,0,0,1,0,2,0,0,1,0,0,0,0,0,0,0,0,0,0,0,0,2,0,0,0,0,0,0,0,3,0,167,0,0,0,0,0,0,0,1,0,0,0
"OTU_91",0,0,0,0,0,0,0,9,0,0,0,0,0,0,0,3,10,1,0,0,0,0,11,41,3,43,0,0,0,0,1,17,1,18,0,0,0,0,5,5,0,0,0,0,0,0,2,1,16,0
"OTU_82",0,0,0,53,0,0,0,0,0,0,0,0,0,0,0,0,0,0,8,0,0,0,0,0,0,0,17,1,1,0,38,0,0,1,0,0,5,1,2,35,3,1,0,0,6,3,7,0,113,0
"OTU_105",0,0,0,0,0,0,0,10,0,0,0,0,0,0,0,0,0,0,0,0,0,0,0,0,0,0,0,0,0,0,0,0,0,3,0,0,0,0,0,79,3,0,0,0,0,0,10,6,48,2
"OTU_104",0,0,0,43,0,0,0,0,0,0,0,1,0,0,0,0,0,0,0,0,0,0,0,0,0,0,0,0,0,0,0,0,0,0,4,0,0,0,29,83,4,0,1,1,16,0,0,2,45,0
"OTU_76",0,1,0,2,0,0,0,0,0,0,0,0,4,0,0,2,4,0,47,19,5,78,17,1,0,51,0,0,1,5,0,2,0,2,0,9,3,1,1,3,9,1,0,9,0,6,34,0,24,1
"OTU_48",0,16,0,0,13,0,0,35,3,0,43,46,21,4,0,3,1,0,12,635,0,0,46,0,4,0,4,0,2,0,60,2,3,0,0,2,0,534,0,0,0,0,0,54,0,0,4,0,9,0
"OTU_86",0,0,0,0,0,0,0,0,0,0,0,0,0,0,0,0,0,0,0,0,0,0,0,0,0,0,0,0,0,0,0,0,0,0,0,0,0,0,0,0,0,0,0,0,0,0,0,0,255,5
"OTU_37",0,3,0,26,0,0,0,2,0,0,0,2071,2,1,123,2,0,46,0,0,11,13,1,0,0,47,0,0,0,1,9,0,2,0,1,7,62,0,2,13,0,1,3,37,9,0,1,0,12,0
"OTU_78",0,41,0,0,0,0,0,9,0,0,7,12,13,0,0,0,1,0,54,0,1,139,60,64,49,16,9,2,0,5,0,5,5,0,1,0,4,0,7,29,2,0,0,18,0,0,0,1,1,1
"OTU_40",0,46,0,16,0,1,0,1,0,0,1,7,12,7,0,0,0,0,491,0,2,0,1,0,1,0,929,0,2,16,0,56,3,0,0,124,18,6,0,0,0,8,10,12,2,0,63,53,37,18
"OTU_49",0,0,0,0,0,0,0,39,0,0,0,0,0,0,0,4,0,0,1248,0,0,0,0,0,0,0,1,0,0,0,0,0,0,0,0,0,0,0,0,0,0,57,0,0,0,0,0,0,13,0
"OTU_77",0,94,0,2,0,0,0,26,0,0,1,9,16,0,0,0,0,0,0,2,0,0,0,0,0,2,0,0,0,0,0,59,10,0,0,2,8,2,10,0,0,0,0,78,0,0,4,3,1,1
"OTU_108",0,2,0,0,0,0,0,0,0,0,0,0,4,0,0,9,0,0,4,1,0,0,1,6,1,27,6,0,1,0,0,1,9,2,0,1,3,0,1,5,1,0,1,127,0,2,12,0,32,3
"OTU_119",0,0,0,0,0,0,0,0,0,0,0,0,0,0,0,0,0,0,0,0,0,0,0,0,1,4,0,2,0,5,1,0,0,0,0,5,4,0,3,14,0,0,0,48,0,19,3,1,72,8
"OTU_115",0,0,0,0,0,0,0,0,102,0,0,0,0,0,0,0,0,1,0,0,0,0,0,0,0,0,0,0,0,0,0,0,0,0,0,1,0,0,12,0,1,0,0,0,0,0,0,0,3,0
"OTU_113",0,0,0,0,0,0,0,0,0,0,0,0,0,0,0,0,0,0,0,0,0,0,119,0,0,0,0,0,0,0,0,0,0,0,0,0,0,0,2,0,0,0,0,0,0,0,0,0,0,0
"OTU_88",0,0,0,0,0,0,0,0,0,0,0,0,0,0,0,0,0,0,0,0,0,0,0,0,0,0,0,18,0,86,63,0,0,27,0,0,1,5,0,0,0,0,0,86,0,6,0,0,8,0
"OTU_44",0,0,0,0,0,0,1,50,0,0,0,0,1709,0,0,0,42,0,0,0,0,0,0,0,0,0,0,0,0,0,0,0,0,0,0,0,0,0,0,0,0,0,0,0,0,0,2,0,0,0
"OTU_125",0,0,0,0,0,0,0,0,0,0,0,0,0,0,0,8,3,0,0,0,0,0,0,0,0,65,0,0,0,0,3,0,1,6,0,0,0,0,1,7,5,1,0,0,0,0,1,0,0,0
"OTU_121",0,0,0,0,0,0,0,0,0,0,0,0,0,0,0,0,0,0,0,0,0,0,0,0,0,0,0,0,0,0,0,0,0,0,0,0,0,0,75,0,0,0,0,0,0,0,15,0,5,8
"OTU_45",5,1,57,14,50,24,0,3,0,0,4,121,52,69,0,27,1,0,1,1,4,29,3,0,0,0,2,0,0,6,6,0,0,0,0,40,6,0,1,0,0,0,4,1138,7,3,35,0,1,0
"OTU_71",0,0,0,0,0,0,0,0,0,0,1,0,0,0,0,0,0,0,1,0,0,0,0,0,0,0,0,0,0,0,0,0,0,1,0,0,1,0,1,4,1,1,0,285,0,18,12,0,80,37
"OTU_110",0,0,0,1,0,0,0,0,0,0,0,0,0,0,0,0,2,0,12,6,0,0,0,0,0,60,0,0,0,0,0,0,0,0,0,0,0,0,0,0,0,0,0,0,1,0,0,0,78,0
"OTU_94",0,0,0,0,0,0,0,0,0,0,1,0,0,0,0,0,0,0,0,0,0,0,0,0,0,0,0,0,0,0,0,0,0,0,1,4,1,2,0,4,0,0,9,95,0,64,55,0,66,11
"OTU_30",3,3,0,0,0,1,0,6,10,0,3,16,9,0,1,5,8,1,2,2,0,0,2,22,1,21,202,0,2681,0,0,1,0,4,20,1,9,18,3,33,1,0,0,41,0,3,24,0,2,2
"OTU_90",1,0,0,0,0,0,0,0,0,0,1,2,0,1,0,0,15,0,7,0,0,3,0,1,4,21,3,2,0,2,0,1,2,1,2,5,5,1,8,13,2,1,0,18,0,9,5,3,34,14
"OTU_112",0,0,0,1,0,0,0,0,0,0,0,4,1,5,0,0,0,0,1,1,0,0,0,0,0,0,3,0,2,0,0,1,10,0,10,0,2,0,0,9,1,0,0,23,0,13,33,16,38,15
"OTU_111",0,0,0,0,0,0,0,0,0,0,1,0,0,0,0,0,0,0,0,0,0,0,0,0,0,0,6,0,0,0,0,0,0,0,0,0,1,0,6,1,0,0,0,0,0,6,9,0,94,18
"OTU_75",0,1,1,1,0,0,0,13,0,0,0,0,0,2,0,0,0,0,1,0,0,1,0,0,0,0,3,0,0,0,1,0,0,0,0,4,22,0,1,36,1,0,0,191,0,4,12,8,61,1
"OTU_23",2,217,2,4,0,4,0,26,3,0,43,86,51,13,1,30,22,0,58,2,14,349,275,75,154,119,501,28,10,37,5,57,83,3,111,69,77,2,161,166,25,84,70,730,0,43,125,6,717,7
"OTU_11",0,10,0,0,0,1,1,1142,3,0,1,0,12714,0,0,53,309,1,8,0,10,0,5,5,1,38,12,1,10,21,2,0,2,0,0,101,8,0,143,198,59,0,0,5,0,1,3,0,160,1
"OTU_28",0,77,1,11,0,0,0,36,3,0,27,34,54,5,0,25,86,1,265,33,134,549,113,95,126,715,38,3,3,8,0,21,131,1,75,18,4,0,20,207,279,6,81,414,2,14,41,2,180,3
"OTU_35",0,1,2,1,0,0,0,0,5,0,1,8,6,1,0,0,0,0,0,0,0,2,0,0,6,0,5,0,0,0,0,0,0,0,121,95,17,0,50,14,1,0,0,1392,0,8,61,1,293,2054
"OTU_51",0,0,3,1,0,0,1,7,15,1193,2,4,0,0,0,0,0,0,3,1,0,0,8,0,0,3,1,32,0,19,0,0,0,0,0,0,5,0,3,43,0,0,84,1,0,0,0,0,0,1
"OTU_47",0,0,0,0,0,0,1,7,0,0,0,0,0,0,243,1,0,1,0,0,0,0,0,0,528,0,0,0,0,0,10,28,35,9,0,0,0,0,158,25,54,6,0,0,0,0,5,1,325,13
"OTU_34",0,4,0,46,0,0,0,15,0,0,3,0,1,6,0,47,166,1,188,1,0,0,0,16,6,1337,1,0,1,33,0,0,1,0,0,18,7,0,0,24,40,0,26,421,18,7,20,15,146,2
"OTU_52",0,69,3,0,0,0,0,14,2,0,11,10,17,7,0,0,4,0,39,0,0,319,24,193,47,128,559,8,1,0,2,3,33,0,51,26,14,0,17,14,8,0,12,91,0,3,6,2,721,5
"OTU_8",11,2228,25,11,1,2,1,793,64,7,564,582,739,150,8,177,202,8,1373,70,117,1212,168,5617,968,601,479,4852,394,29,3,233,76,158,1025,407,152,31,222,1337,71,162,6,1868,4,18,40,9,262,94
"OTU_14",3,626,8,9,1,2,2,279,34,2,105,92,169,31,5,176,216,10,3090,1,340,781,1359,504,491,1399,428,7,189,39,722,179,329,319,299,1297,12,18,738,1437,411,54,118,667,1,290,116,75,747,417
"OTU_12",2,26,6,577,1,0,4,33,7,0,38,61,36,19,0,2,20,0,11,0,1,1,31,2,0,2,2228,2,8,547,55,3,896,8,212,246,254,1,15,3366,1017,142,19,7121,154,446,456,80,3519,43
"OTU_10",0,0,2,0,0,0,0,13,0,0,4,6,21,1,0,0,11,13102,211,8,124,54,122,1,38,4,1,49,1,93,0,2,209,9,3,58,7,0,0,8,0,0,10,24,0,7,97,6,260,0
"OTU_18",0,2,0,0,0,3,4,22,0,0,2,2,0,0,6333,0,8,0,665,5,0,0,2,0,0,1,1,0,0,0,0,0,1,2,2,0,0,0,4,0,2,0,1,15,0,0,1,3,3,0
"OTU_20",0,2,9,41,1,0,0,21,3,0,4,16,7,5,0,0,0,0,5,0,0,0,0,0,0,0,0,0,0,0,0,0,0,0,0,2,1,0,0,1,0,0,69,14,12,988,0,37,4715,928
"OTU_13",1,29,0,0,0,0,0,102,2,0,31,22,39,6,0,303,610,2,21,16,25,1315,218,71,161,6626,4,425,15,2,0,0,0,4,3,3,31,135,4,25,2,0,0,48,1,0,29,0,7,0
"OTU_19",0,82,4,1,2,0,3442,1175,125,0,3067,437,490,991,0,29,115,9,175,1,2,10,0,0,20,67,88,0,0,0,0,0,0,0,0,82,1,0,0,0,1,0,0,337,0,1,11,0,521,0
"OTU_42",139,2,0,1,1,0,0,0,0,0,4,0,13,1450,0,0,0,0,14,0,1,1,0,0,0,0,2,0,0,0,0,0,0,0,0,1,0,0,0,0,0,0,0,139,0,1,0,0,0,0
"OTU_73",0,38,0,67,0,0,0,0,0,0,4,3,12,0,0,0,0,0,12,0,5,7,0,0,0,0,14,12,15,2,0,0,0,0,51,51,2,1,0,0,0,0,0,98,5,12,0,0,0,0
"OTU_64",0,0,1,0,0,0,0,0,0,0,0,0,0,0,0,0,0,0,0,0,0,0,0,0,0,0,0,0,0,0,0,0,0,0,0,0,0,0,0,0,0,0,0,547,0,0,0,0,0,0
"OTU_63",19,182,0,1,0,0,0,0,0,0,40,20,37,4,0,0,0,0,34,5,21,5,0,0,0,0,11,10,6,0,0,0,0,0,32,20,3,0,0,0,0,0,0,117,1,8,0,0,0,0
"OTU_81",0,1,0,24,0,0,0,0,0,0,8,12,7,8,0,0,0,0,0,0,0,0,0,0,0,0,0,0,0,0,0,0,0,0,3,0,6,4,0,0,0,0,1,179,14,29,0,0,0,0
"OTU_79",0,2,0,0,0,0,0,0,0,0,2,2,47,0,0,0,0,0,115,1,78,1,0,0,0,0,4,7,3,14,0,0,0,0,0,0,9,2,0,0,0,0,0,16,0,0,0,0,0,0
"OTU_213",0,0,0,0,0,0,0,0,0,0,20,0,0,0,0,0,0,0,0,0,0,0,0,0,0,0,0,0,0,0,0,0,0,0,0,0,0,0,0,0,0,0,0,2,0,0,0,0,0,0
"OTU_217",0,0,0,0,0,0,0,0,0,0,1,0,0,0,0,0,0,0,0,0,0,0,0,0,0,0,0,1,0,1,0,0,0,0,0,1,3,0,0,0,0,0,0,9,0,5,0,0,0,0
"OTU_195",0,1,0,0,0,0,0,0,0,0,0,4,1,0,0,0,0,0,5,4,0,0,0,0,0,0,1,2,0,2,0,0,0,0,0,1,1,0,0,0,0,0,0,7,0,0,0,0,0,0
"OTU_193",0,0,0,0,27,0,0,0,0,0,2,0,0,0,0,0,0,0,0,0,0,0,0,0,0,0,0,0,0,0,0,0,0,0,0,0,0,0,0,0,0,0,0,0,0,0,0,0,0,0
"OTU_192",0,0,0,0,0,0,0,0,0,0,0,0,0,0,0,0,0,0,0,0,0,0,0,0,0,0,0,0,0,0,0,0,0,0,4,0,0,0,0,0,0,0,0,0,0,26,0,0,0,0
"OTU_261",6,0,0,4,0,0,0,0,0,0,0,0,0,0,0,0,0,0,0,0,0,0,0,0,0,0,0,0,0,0,0,0,0,0,0,0,0,0,0,0,0,0,0,0,1,0,0,0,0,0
"OTU_259",0,0,0,0,0,0,0,0,0,0,0,0,0,0,0,0,0,0,0,0,0,0,0,0,0,0,1,0,0,0,0,0,0,0,0,2,0,0,0,0,0,0,0,3,0,5,0,0,0,0
"OTU_244",0,0,0,0,0,0,0,0,0,0,0,0,3,1,0,0,0,0,0,0,0,0,0,0,0,0,0,1,0,0,0,0,0,0,0,0,0,0,0,0,0,0,0,7,0,0,0,0,0,0
"OTU_245",0,0,0,0,0,0,0,0,0,0,0,0,0,0,0,0,0,0,0,0,0,0,0,0,0,0,0,0,0,0,0,0,0,0,0,0,0,0,0,0,0,0,0,12,0,0,0,0,0,0
"OTU_284",0,0,0,0,0,0,0,0,0,0,0,0,0,0,0,0,0,0,2,0,0,0,0,0,0,0,0,0,0,0,0,0,0,0,0,0,0,0,0,0,0,0,1,4,0,2,0,0,0,0
"OTU_294",0,0,0,0,0,0,0,0,0,0,0,2,0,0,0,0,0,0,0,0,0,0,0,0,0,0,0,0,0,0,0,0,0,0,2,0,0,0,0,0,0,0,0,0,0,4,0,0,0,0
"OTU_283",0,0,0,0,0,0,0,0,0,0,0,0,0,0,0,0,0,0,0,0,0,0,0,0,0,0,0,0,0,0,0,0,0,0,1,0,0,0,0,0,0,0,0,6,0,2,0,0,0,0
"OTU_222",0,0,0,0,0,0,0,0,0,0,0,0,0,0,0,0,0,0,0,0,0,0,0,0,0,0,0,0,0,0,0,0,0,0,0,0,0,0,0,0,0,0,0,18,0,0,0,0,0,0
"OTU_239",0,0,0,0,0,0,0,0,0,0,0,0,0,0,0,0,0,0,0,0,0,0,0,0,0,0,0,0,0,0,0,0,0,0,0,0,0,0,0,0,0,0,0,0,0,14,0,0,0,0
"OTU_241",0,0,0,0,0,0,0,0,0,0,0,0,11,0,0,0,0,0,0,0,0,0,0,0,0,0,0,0,0,0,0,0,0,0,0,0,0,0,0,0,0,0,0,2,0,1,0,0,0,0
"OTU_240",0,0,0,0,0,0,0,0,0,0,0,0,0,0,0,0,0,0,0,0,0,0,0,0,0,0,0,0,0,0,0,0,0,0,14,0,0,0,0,0,0,0,0,0,0,0,0,0,0,0
"OTU_156",4,1,2,0,28,0,0,0,0,0,0,4,0,4,0,0,0,0,6,1,0,1,0,0,0,0,0,0,0,0,0,0,0,0,0,2,0,0,0,0,0,0,0,2,0,0,0,0,0,0
"OTU_155",0,0,0,0,0,0,0,0,0,0,0,0,0,0,0,0,0,0,1,0,0,0,0,0,0,0,0,0,1,0,0,0,0,0,0,0,0,0,0,0,0,0,0,57,0,0,0,0,0,0
"OTU_162",0,0,1,3,6,0,0,0,0,0,0,1,1,13,0,0,0,0,14,0,0,1,0,0,0,0,0,0,0,0,0,0,0,0,0,1,0,0,0,0,0,0,0,10,0,0,0,0,0,0
"OTU_188",0,2,0,0,0,0,0,0,0,0,0,25,3,0,0,0,0,0,0,0,0,1,0,0,0,0,0,0,0,0,0,0,0,0,0,0,0,0,0,0,0,0,0,1,0,0,0,0,0,0
"OTU_184",0,0,0,0,24,0,0,0,0,0,1,1,4,0,0,0,0,0,1,0,0,0,0,0,0,0,0,0,0,0,0,0,0,0,0,0,0,0,0,0,0,0,0,3,0,1,0,0,0,0
"OTU_166",0,0,0,0,0,0,0,0,0,0,0,0,0,0,0,0,0,0,0,0,0,47,0,0,0,0,0,0,0,0,0,0,0,0,0,0,0,0,0,0,0,0,0,0,0,0,0,0,0,0
"OTU_175",0,0,0,0,41,0,0,0,0,0,0,0,0,0,0,0,0,0,1,0,0,0,0,0,0,0,0,0,0,0,0,0,0,0,0,0,0,0,0,0,0,0,0,0,0,0,0,0,0,0
"OTU_397",0,0,0,0,0,0,0,0,0,0,0,0,0,0,0,0,0,0,0,0,0,0,0,0,0,0,0,0,0,0,0,0,0,0,0,2,0,0,0,0,0,0,0,0,0,0,0,0,0,0
"OTU_427",0,0,0,2,0,0,0,0,0,0,0,0,0,0,0,0,0,0,0,0,0,0,0,0,0,0,0,0,0,0,0,0,0,0,0,0,0,0,0,0,0,0,0,0,0,0,0,0,0,0
"OTU_399",0,0,0,0,0,0,0,0,0,0,0,2,0,0,0,0,0,0,0,0,0,0,0,0,0,0,0,0,0,0,0,0,0,0,0,0,0,0,0,0,0,0,0,0,0,0,0,0,0,0
"OTU_410",0,0,0,0,0,0,0,0,0,0,0,0,0,0,0,0,0,0,0,0,0,0,0,0,0,0,0,0,0,0,0,0,0,0,0,0,0,0,0,0,0,0,0,2,0,0,0,0,0,0
"OTU_407",0,0,0,0,0,0,0,0,0,0,0,0,0,0,0,0,0,0,0,0,0,0,0,0,0,0,0,0,0,0,0,0,0,0,0,0,0,0,0,0,0,0,0,2,0,0,0,0,0,0
"OTU_379",0,0,0,0,0,0,0,0,0,0,0,3,0,0,0,0,0,0,0,0,0,0,0,0,0,0,0,0,0,0,0,0,0,0,0,0,0,0,0,0,0,0,0,0,0,0,0,0,0,0
"OTU_375",0,0,0,0,0,0,0,0,0,0,0,0,0,0,0,0,0,0,0,0,0,0,0,0,0,0,0,0,0,0,0,0,0,0,0,0,0,0,0,0,0,0,0,0,0,3,0,0,0,0
"OTU_412",0,0,0,0,0,0,0,0,0,0,0,0,0,0,0,0,0,0,0,0,0,0,0,0,0,0,0,0,1,0,0,0,0,0,1,0,0,0,0,0,0,0,0,0,0,0,0,0,0,0
"OTU_400",0,0,0,0,0,0,0,0,0,0,0,0,2,0,0,0,0,0,0,0,0,0,0,0,0,0,0,0,0,0,0,0,0,0,0,0,0,0,0,0,0,0,0,0,0,0,0,0,0,0
"OTU_402",0,0,0,0,0,0,0,0,0,0,0,1,0,0,0,0,0,0,0,0,0,0,0,0,0,0,0,0,0,0,0,0,0,0,0,1,0,0,0,0,0,0,0,0,0,0,0,0,0,0
"OTU_359",0,0,0,0,0,0,0,0,0,0,0,0,0,0,0,0,0,0,0,0,0,0,0,0,0,0,0,0,0,0,0,0,0,0,0,0,0,0,0,0,0,0,0,4,0,0,0,0,0,0
"OTU_384",0,0,0,0,0,0,0,0,0,0,0,0,0,0,0,0,0,0,0,0,0,0,0,0,0,0,0,0,0,0,0,0,0,0,0,0,0,0,0,0,0,0,0,3,0,0,0,0,0,0
"OTU_370",0,0,0,0,0,0,0,0,0,0,0,3,0,0,0,0,0,0,0,0,0,0,0,0,0,0,0,0,0,0,0,0,0,0,0,0,0,0,0,0,0,0,0,0,0,0,0,0,0,0
"OTU_345",0,0,0,1,0,0,0,0,0,0,0,0,0,0,0,0,0,0,1,0,0,0,0,0,0,0,0,0,0,0,0,0,0,0,0,0,2,0,0,0,0,0,0,0,0,0,0,0,0,0
"OTU_360",0,0,0,0,0,0,0,0,0,0,0,0,0,0,0,0,0,0,0,4,0,0,0,0,0,0,0,0,0,0,0,0,0,0,0,0,0,0,0,0,0,0,0,0,0,0,0,0,0,0
"OTU_369",0,0,0,0,0,0,0,0,0,0,0,0,0,0,0,0,0,0,0,0,0,3,0,0,0,0,0,0,0,0,0,0,0,0,0,0,0,0,0,0,0,0,0,0,0,0,0,0,0,0
"OTU_380",0,0,0,0,0,0,0,0,0,0,0,0,3,0,0,0,0,0,0,0,0,0,0,0,0,0,0,0,0,0,0,0,0,0,0,0,0,0,0,0,0,0,0,0,0,0,0,0,0,0
"OTU_419",0,0,0,0,0,0,0,0,0,0,0,0,0,0,0,0,0,0,0,0,0,2,0,0,0,0,0,0,0,0,0,0,0,0,0,0,0,0,0,0,0,0,0,0,0,0,0,0,0,0
"OTU_302",0,0,0,0,0,0,0,0,0,0,0,0,0,0,0,0,0,0,0,0,0,0,0,0,0,0,0,0,0,0,0,0,0,0,0,0,0,0,0,0,0,0,0,7,0,0,0,0,0,0
"OTU_303",0,0,0,0,0,0,0,0,0,0,0,0,0,0,0,0,0,0,0,0,0,5,0,0,0,0,0,0,0,0,0,0,0,0,0,0,0,0,0,0,0,0,0,2,0,0,0,0,0,0
"OTU_295",0,0,0,0,0,0,0,0,0,0,0,8,0,0,0,0,0,0,0,0,0,0,0,0,0,0,0,0,0,0,0,0,0,0,0,0,0,0,0,0,0,0,0,0,0,0,0,0,0,0
"OTU_289",0,0,0,0,0,0,0,0,0,0,0,0,0,0,0,0,0,0,0,0,0,0,0,0,0,0,0,0,0,1,0,0,0,0,0,0,0,0,0,0,0,0,0,7,0,0,0,0,0,0
"OTU_304",0,0,0,0,0,0,0,0,0,0,0,0,0,1,0,0,0,0,0,0,1,0,0,0,0,0,0,5,0,0,0,0,0,0,0,0,0,0,0,0,0,0,0,0,0,0,0,0,0,0
"OTU_301",0,0,0,0,0,0,0,0,0,0,2,1,0,0,0,0,0,0,0,0,0,0,0,0,0,0,0,0,0,0,0,0,0,0,0,0,0,0,0,0,0,0,0,0,0,4,0,0,0,0
"OTU_356",0,0,0,0,0,0,0,0,0,0,0,0,0,0,0,0,0,0,0,0,0,0,0,0,0,0,0,0,0,2,0,0,0,0,0,0,0,0,0,0,0,0,0,1,0,1,0,0,0,0
"OTU_332",0,0,0,0,0,0,0,0,0,0,0,0,0,0,0,0,0,0,0,0,0,1,0,0,0,0,0,0,0,0,0,0,0,0,0,0,0,0,0,0,0,0,0,2,0,2,0,0,0,0
"OTU_354",0,0,0,0,0,0,0,0,0,0,0,0,0,0,0,0,0,0,0,0,0,0,0,0,0,0,0,0,0,0,0,0,0,0,0,0,0,0,0,0,0,0,0,4,0,0,0,0,0,0
"OTU_347",0,0,0,0,0,0,0,0,0,0,0,0,0,0,0,0,0,0,0,0,0,1,0,0,0,0,0,0,0,0,0,0,0,0,3,0,0,0,0,0,0,0,0,0,0,0,0,0,0,0
"OTU_346",0,1,0,0,0,0,0,0,0,0,0,0,0,0,0,0,0,0,0,0,0,2,0,0,0,0,0,0,0,0,0,0,0,0,0,0,0,0,0,0,0,0,0,0,0,1,0,0,0,0
"OTU_339",0,0,0,0,0,0,0,0,0,0,0,0,1,0,0,0,0,0,0,0,0,0,0,0,0,0,0,0,0,0,0,0,0,0,0,0,0,0,0,0,0,0,0,3,0,1,0,0,0,0
"OTU_361",0,1,0,0,0,0,0,0,0,0,0,0,0,0,0,0,0,0,0,0,0,0,0,0,0,0,0,0,0,0,0,0,0,0,0,1,0,0,0,0,0,0,0,1,0,1,0,0,0,0
"OTU_348",0,0,0,0,0,0,0,0,0,0,0,0,0,0,0,0,0,0,0,0,0,0,0,0,0,0,0,0,0,0,0,0,0,0,0,0,0,0,0,0,0,0,0,4,0,0,0,0,0,0
"OTU_363",0,0,1,0,3,0,0,0,0,0,0,0,0,0,0,0,0,0,0,0,0,0,0,0,0,0,0,0,0,0,0,0,0,0,0,0,0,0,0,0,0,0,0,0,0,0,0,0,0,0
"OTU_323",0,0,0,0,0,0,0,0,0,0,0,0,0,0,0,0,0,0,0,0,0,1,0,0,0,0,0,0,0,0,0,0,0,0,0,0,0,0,0,0,0,0,0,3,0,1,0,0,0,0
"OTU_336",0,0,0,0,0,0,0,0,0,0,0,0,0,0,0,0,0,0,0,0,0,0,0,0,0,0,0,0,0,0,0,0,0,0,0,0,5,0,0,0,0,0,0,0,0,0,0,0,0,0
"OTU_324",0,0,0,0,0,0,0,0,0,0,0,0,0,0,0,0,0,0,0,0,0,0,0,0,0,0,0,0,0,0,0,0,0,0,0,0,0,0,0,0,0,0,0,5,0,0,0,0,0,0
"OTU_330",0,0,0,0,0,0,0,0,0,0,0,0,0,0,0,0,0,0,0,0,0,0,0,0,0,0,0,0,0,5,0,0,0,0,0,0,0,0,0,0,0,0,0,0,0,0,0,0,0,0
"OTU_328",0,0,0,0,0,0,0,0,0,0,0,0,5,0,0,0,0,0,0,0,0,0,0,0,0,0,0,0,0,0,0,0,0,0,0,0,0,0,0,0,0,0,0,0,0,0,0,0,0,0
"OTU_327",0,0,0,0,0,0,0,0,0,0,0,0,0,0,0,0,0,0,0,0,0,0,0,0,0,0,0,0,0,0,0,0,0,0,0,0,0,0,0,0,0,0,0,2,0,3,0,0,0,0
"OTU_107",0,1,0,0,0,0,0,0,0,0,0,134,12,0,0,0,0,0,1,0,0,0,0,0,0,0,0,0,0,1,0,0,0,0,0,0,0,0,0,0,0,0,0,7,0,0,0,0,0,0
"OTU_89",0,0,0,0,0,0,0,0,0,0,0,0,0,0,0,0,0,0,0,0,0,0,0,0,0,0,0,0,0,1,0,0,0,0,0,0,0,0,0,0,0,0,0,199,0,0,0,0,0,0
"OTU_87",0,0,0,0,0,0,0,0,0,0,0,0,0,0,0,0,0,0,0,0,0,0,0,0,0,0,0,0,0,0,0,0,0,0,0,0,0,0,0,0,0,0,0,211,0,0,0,0,0,0
"OTU_131",0,1,0,0,0,0,0,0,0,0,0,6,3,0,0,0,0,0,2,0,0,0,0,0,0,0,0,0,0,1,0,0,0,0,2,2,0,0,0,0,0,0,0,66,0,5,0,0,0,0
"OTU_127",0,0,0,0,0,0,0,0,0,0,3,2,5,0,0,0,0,0,63,0,2,0,0,0,0,0,3,1,0,2,0,0,0,0,0,0,0,0,0,0,0,0,0,12,0,0,0,0,0,0
"OTU_128",0,0,0,1,0,0,0,0,0,0,0,0,0,0,0,0,0,0,0,0,0,0,0,0,0,0,0,0,0,0,0,0,0,0,0,0,0,0,0,0,0,0,0,1,0,90,0,0,0,0
"OTU_124",0,11,0,0,0,0,0,0,0,0,1,0,5,0,0,0,0,0,0,16,0,8,0,0,0,0,29,1,4,7,0,0,0,0,1,5,0,1,0,0,0,0,0,10,0,2,0,0,0,0
"OTU_53",0,1,1,0,0,0,0,0,0,0,0,5,0,0,0,0,0,0,1024,0,2,0,0,0,0,0,0,51,0,0,0,0,0,0,0,0,0,0,0,0,0,0,0,0,0,0,0,0,0,0
